module,instrument,side,entry_time,exit_time,entry_price,exit_price,pnl_pips,stop_pips,pip_size,partial_fills,units,pnl_dollars,balance_before_entry,usd_notional,entry_year,balance_after_exit,exit_year,balance_before_exit
gbpusd_short_h12-15_rr1.25_imb4_node3_ret5_sig1_sl25_tp25-50-75_frac0.4-0.3-0.2_trail20_ttl180,gbpusd,short,2021-02-11 14:55:00+00:00,2021-02-11 17:55:00+00:00,1.38156,1.38091,6.499999999998174,25.0,0.0001,"[{""time"": ""2021-02-11T17:55:00+00:00"", ""price"": 1.38091, ""fraction"": 1.0, ""pips"": 6.499999999998174}]",17400.0,11.309999999996823,1500.0,24039.143999999997,2021,1511.3099999999968,2021,1500.0
gbpjpy_short_h12-15_rr1.25_imb3.5_node3_ret10_sig1.05_sl30_tp25-50-75_frac0.4-0.3-0.2_trail20_ttl240,gbpjpy,short,2021-02-17 14:15:00+00:00,2021-02-17 14:45:00+00:00,146.854,146.744,16.60000000000082,30.0,0.01,"[{""time"": ""2021-02-17T14:37:00+00:00"", ""price"": 146.604, ""fraction"": 0.4, ""pips"": 25}, {""time"": ""2021-02-17T14:45:00+00:00"", ""price"": 146.744, ""fraction"": 0.6, ""pips"": 11.000000000001364}]",15501.010456549962,24.251487800001136,1511.3099999999968,21456.88619921787,2021,1535.5614877999978,2021,1511.3099999999968
usdjpy_short_h12-15_rr1.25_imb2.5_node3_ret5_sig1_sl30_tp20-40-60_frac0.3-0.3-0.3_trail15_ttl180,usdjpy,short,2021-03-02 14:52:00+00:00,2021-03-02 17:52:00+00:00,106.729,106.739,-1.0000000000005116,30.0,0.01,"[{""time"": ""2021-03-02T17:52:00+00:00"", ""price"": 106.739, ""fraction"": 1.0, ""pips"": -1.0000000000005116}]",15840.371165545264,-1.4843761048740904,1535.5614877999978,15840.371165545264,2021,1534.0771116951237,2021,1535.5614877999978
usdjpy_short_h12-15_rr1.25_imb2.5_node3_ret5_sig1_sl30_tp20-40-60_frac0.3-0.3-0.3_trail15_ttl180,usdjpy,short,2021-03-10 13:11:00+00:00,2021-03-10 16:11:00+00:00,108.531,108.643,-11.199999999999477,30.0,0.01,"[{""time"": ""2021-03-10T16:11:00+00:00"", ""price"": 108.643, ""fraction"": 1.0, ""pips"": -11.199999999999477}]",16092.210665368044,-16.608941529285097,1534.0771116951237,16092.210665368044,2021,1517.4681701658385,2021,1534.0771116951237
gbpjpy_short_h12-15_rr1.25_imb3.5_node3_ret10_sig1.05_sl30_tp25-50-75_frac0.4-0.3-0.2_trail20_ttl240,gbpjpy,short,2021-04-22 13:28:00+00:00,2021-04-22 15:20:00+00:00,149.779,149.631,18.879999999999768,30.0,0.01,"[{""time"": ""2021-04-22T14:04:00+00:00"", ""price"": 149.529, ""fraction"": 0.4, ""pips"": 25}, {""time"": ""2021-04-22T15:20:00+00:00"", ""price"": 149.631, ""fraction"": 0.6, ""pips"": 14.799999999999613}]",15862.023967562234,27.69480575097299,1517.4681701658385,21975.565245140067,2021,1545.1629759168115,2021,1517.4681701658385
gbpjpy_short_h12-15_rr1.25_imb3.5_node3_ret10_sig1.05_sl30_tp25-50-75_frac0.4-0.3-0.2_trail20_ttl240,gbpjpy,short,2021-05-19 14:04:00+00:00,2021-05-19 14:29:00+00:00,154.006,153.94199999999998,13.840000000001282,30.0,0.01,"[{""time"": ""2021-05-19T14:12:00+00:00"", ""price"": 153.756, ""fraction"": 0.4, ""pips"": 25}, {""time"": ""2021-05-19T14:29:00+00:00"", ""price"": 153.94199999999998, ""fraction"": 0.6, ""pips"": 6.400000000002137}]",16236.953691134577,20.672220400467626,1545.1629759168115,23002.161631314255,2021,1565.8351963172793,2021,1545.1629759168115
usdjpy_short_h12-15_rr1.25_imb2.5_node3_ret5_sig1_sl30_tp20-40-60_frac0.3-0.3-0.3_trail15_ttl180,usdjpy,short,2021-05-19 13:09:00+00:00,2021-05-19 15:41:00+00:00,108.826,108.729,12.789999999999594,30.0,0.01,"[{""time"": ""2021-05-19T14:55:00+00:00"", ""price"": 108.62599999999999, ""fraction"": 0.3, ""pips"": 20}, {""time"": ""2021-05-19T15:41:00+00:00"", ""price"": 108.729, ""fraction"": 0.7, ""pips"": 9.69999999999942}]",16254.877581655215,19.103879979909546,1545.1629759168115,16254.877581655215,2021,1584.9390762971889,2021,1565.8351963172793
usdjpy_short_h12-15_rr1.25_imb2.5_node3_ret5_sig1_sl30_tp20-40-60_frac0.3-0.3-0.3_trail15_ttl180,usdjpy,short,2021-06-04 13:04:00+00:00,2021-06-04 14:51:00+00:00,109.717,109.521,19.719999999999857,30.0,0.01,"[{""time"": ""2021-06-04T13:50:00+00:00"", ""price"": 109.517, ""fraction"": 0.3, ""pips"": 20}, {""time"": ""2021-06-04T14:51:00+00:00"", ""price"": 109.521, ""fraction"": 0.7, ""pips"": 19.599999999999795}]",16806.99246191476,30.21316529842766,1584.9390762971889,16806.99246191476,2021,1615.1522415956165,2021,1584.9390762971889
usdjpy_short_h12-15_rr1.25_imb2.5_node3_ret5_sig1_sl30_tp20-40-60_frac0.3-0.3-0.3_trail15_ttl180,usdjpy,short,2021-06-09 13:33:00+00:00,2021-06-09 14:32:00+00:00,109.23,109.53,-29.999999999999716,30.0,0.01,"[{""time"": ""2021-06-09T14:32:00+00:00"", ""price"": 109.53, ""fraction"": 1.0, ""pips"": -29.999999999999716}]",17056.026514692527,-46.83941500627243,1615.1522415956165,17056.026514692527,2021,1568.312826589344,2021,1615.1522415956165
gbpusd_short_h12-15_rr1.25_imb4_node3_ret5_sig1_sl25_tp25-50-75_frac0.4-0.3-0.2_trail20_ttl180,gbpusd,short,2021-06-09 14:23:00+00:00,2021-06-09 17:24:00+00:00,1.41282,1.41172,10.999999999998789,25.0,0.0001,"[{""time"": ""2021-06-09T17:24:00+00:00"", ""price"": 1.41172, ""fraction"": 1.0, ""pips"": 10.999999999998789}]",18735.76600250915,20.609342602757796,1615.1522415956165,26470.264923664978,2021,1588.9221691921018,2021,1568.312826589344
usdjpy_short_h12-15_rr1.25_imb2.5_node3_ret5_sig1_sl30_tp20-40-60_frac0.3-0.3-0.3_trail15_ttl180,usdjpy,short,2021-06-10 14:06:00+00:00,2021-06-10 17:06:00+00:00,109.537,109.45,8.70000000000033,30.0,0.01,"[{""time"": ""2021-06-10T17:06:00+00:00"", ""price"": 109.45, ""fraction"": 1.0, ""pips"": 8.70000000000033}]",16819.662735756527,13.362835442906082,1588.9221691921018,16819.662735756527,2021,1602.285004635008,2021,1588.9221691921018
usdjpy_short_h12-15_rr1.25_imb2.5_node3_ret5_sig1_sl30_tp20-40-60_frac0.3-0.3-0.3_trail15_ttl180,usdjpy,short,2021-06-21 14:42:00+00:00,2021-06-21 17:42:00+00:00,110.149,110.251,-10.200000000000387,30.0,0.01,"[{""time"": ""2021-06-21T17:42:00+00:00"", ""price"": 110.251, ""fraction"": 1.0, ""pips"": -10.200000000000387}]",17062.799776233387,-15.798530145701772,1602.285004635008,17062.799776233387,2021,1586.4864744893061,2021,1602.285004635008
usdjpy_short_h12-15_rr1.25_imb2.5_node3_ret5_sig1_sl30_tp20-40-60_frac0.3-0.3-0.3_trail15_ttl180,usdjpy,short,2021-06-28 13:36:00+00:00,2021-06-28 16:36:00+00:00,110.803,110.57,22.310000000000286,30.0,0.01,"[{""time"": ""2021-06-28T15:01:00+00:00"", ""price"": 110.603, ""fraction"": 0.3, ""pips"": 20}, {""time"": ""2021-06-28T16:36:00+00:00"", ""price"": 110.57, ""fraction"": 0.7, ""pips"": 23.30000000000041}]",16995.011605716136,34.21469613766164,1586.4864744893061,16995.011605716136,2021,1620.7011706269677,2021,1586.4864744893061
usdjpy_short_h12-15_rr1.25_imb2.5_node3_ret5_sig1_sl30_tp20-40-60_frac0.3-0.3-0.3_trail15_ttl180,usdjpy,short,2021-07-14 13:01:00+00:00,2021-07-14 16:01:00+00:00,110.137,110.048,8.899999999999864,30.0,0.01,"[{""time"": ""2021-07-14T16:01:00+00:00"", ""price"": 110.048, ""fraction"": 1.0, ""pips"": 8.899999999999864}]",17256.564278524613,13.94343240462713,1620.7011706269677,17256.564278524613,2021,1634.644603031595,2021,1620.7011706269677
gbpjpy_short_h12-15_rr1.25_imb3.5_node3_ret10_sig1.05_sl30_tp25-50-75_frac0.4-0.3-0.2_trail20_ttl240,gbpjpy,short,2021-07-14 13:05:00+00:00,2021-07-14 17:05:00+00:00,152.884,152.419,38.94999999999925,30.0,0.01,"[{""time"": ""2021-07-14T14:57:00+00:00"", ""price"": 152.634, ""fraction"": 0.4, ""pips"": 25}, {""time"": ""2021-07-14T16:57:00+00:00"", ""price"": 152.384, ""fraction"": 0.3, ""pips"": 50}, {""time"": ""2021-07-14T17:05:00+00:00"", ""price"": 152.419, ""fraction"": 0.3, ""pips"": 46.4999999999975}]",17250.767570671003,61.022100242721876,1620.7011706269677,23960.19485576993,2021,1695.6667032743167,2021,1634.6446030315947
usdjpy_short_h12-15_rr1.25_imb2.5_node3_ret5_sig1_sl30_tp20-40-60_frac0.3-0.3-0.3_trail15_ttl180,usdjpy,short,2021-07-27 13:11:00+00:00,2021-07-27 16:11:00+00:00,109.882,109.639,23.010000000000645,30.0,0.01,"[{""time"": ""2021-07-27T15:27:00+00:00"", ""price"": 109.682, ""fraction"": 0.3, ""pips"": 20}, {""time"": ""2021-07-27T16:11:00+00:00"", ""price"": 109.639, ""fraction"": 0.7, ""pips"": 24.30000000000092}]",18012.394774424098,37.71671448093168,1695.6667032743167,18012.394774424098,2021,1733.3834177552483,2021,1695.6667032743167
gbpusd_short_h12-15_rr1.25_imb4_node3_ret5_sig1_sl25_tp25-50-75_frac0.4-0.3-0.2_trail20_ttl180,gbpusd,short,2021-08-04 14:07:00+00:00,2021-08-04 17:09:00+00:00,1.39306,1.3898,29.560000000000244,25.0,0.0001,"[{""time"": ""2021-08-04T14:30:00+00:00"", ""price"": 1.39056, ""fraction"": 0.4, ""pips"": 25}, {""time"": ""2021-08-04T17:09:00+00:00"", ""price"": 1.3898, ""fraction"": 0.6, ""pips"": 32.600000000000406}]",20107.24764596088,59.43702404146086,1733.3834177552483,28010.602405682264,2021,1792.820441796709,2021,1733.383417755248
usdjpy_short_h12-15_rr1.25_imb2.5_node3_ret5_sig1_sl30_tp20-40-60_frac0.3-0.3-0.3_trail15_ttl180,usdjpy,short,2021-08-11 13:34:00+00:00,2021-08-11 16:34:00+00:00,110.383,110.482,-9.900000000000375,30.0,0.01,"[{""time"": ""2021-08-11T16:34:00+00:00"", ""price"": 110.482, ""fraction"": 1.0, ""pips"": -9.900000000000375}]",19134.539508638834,-17.157291627995154,1792.820441796709,19134.539508638834,2021,1775.6631501687139,2021,1792.820441796709
usdjpy_short_h12-15_rr1.25_imb2.5_node3_ret5_sig1_sl30_tp20-40-60_frac0.3-0.3-0.3_trail15_ttl180,usdjpy,short,2021-08-12 14:23:00+00:00,2021-08-12 17:24:00+00:00,110.403,110.428,-2.4999999999991473,30.0,0.01,"[{""time"": ""2021-08-12T17:24:00+00:00"", ""price"": 110.428, ""fraction"": 1.0, ""pips"": -2.4999999999991473}]",18951.507789260086,-4.291185946239595,1775.6631501687139,18951.507789260086,2021,1771.3719642224742,2021,1775.6631501687139
usdjpy_short_h12-15_rr1.25_imb2.5_node3_ret5_sig1_sl30_tp20-40-60_frac0.3-0.3-0.3_trail15_ttl180,usdjpy,short,2021-08-23 13:27:00+00:00,2021-08-23 16:28:00+00:00,109.763,109.807,-4.399999999999693,30.0,0.01,"[{""time"": ""2021-08-23T16:28:00+00:00"", ""price"": 109.807, ""fraction"": 1.0, ""pips"": -4.399999999999693}]",18792.266699227308,-7.534235421159065,1771.3719642224742,18792.266699227308,2021,1763.837728801315,2021,1771.3719642224742
gbpjpy_short_h12-15_rr1.25_imb3.5_node3_ret10_sig1.05_sl30_tp25-50-75_frac0.4-0.3-0.2_trail20_ttl240,gbpjpy,short,2021-08-26 15:05:00+00:00,2021-08-26 19:05:00+00:00,150.83,150.674,15.600000000000591,30.0,0.01,"[{""time"": ""2021-08-26T19:05:00+00:00"", ""price"": 150.674, ""fraction"": 1.0, ""pips"": 15.600000000000591}]",18750.956151938703,26.59867295032484,1763.837728801315,25721.811610983437,2021,1790.43640175164,2021,1763.8377288013153
usdjpy_short_h12-15_rr1.25_imb2.5_node3_ret5_sig1_sl30_tp20-40-60_frac0.3-0.3-0.3_trail15_ttl180,usdjpy,short,2021-09-03 13:30:00+00:00,2021-09-03 16:30:00+00:00,109.721,109.616,10.500000000000398,30.0,0.01,"[{""time"": ""2021-09-03T16:30:00+00:00"", ""price"": 109.616, ""fraction"": 1.0, ""pips"": 10.500000000000398}]",18990.278615482115,18.172929477779835,1790.43640175164,18990.278615482115,2021,1808.60933122942,2021,1790.43640175164
gbpusd_short_h12-15_rr1.25_imb4_node3_ret5_sig1_sl25_tp25-50-75_frac0.4-0.3-0.2_trail20_ttl180,gbpusd,short,2021-09-08 14:27:00+00:00,2021-09-08 16:18:00+00:00,1.37517,1.37767,-24.999999999999467,25.0,0.0001,"[{""time"": ""2021-09-08T16:18:00+00:00"", ""price"": 1.37767, ""fraction"": 1.0, ""pips"": -24.999999999999467}]",20979.86824226127,-52.44967060565205,1808.60933122942,28850.88541071043,2021,1756.1596606237679,2021,1808.60933122942
usdjpy_short_h12-15_rr1.25_imb2.5_node3_ret5_sig1_sl30_tp20-40-60_frac0.3-0.3-0.3_trail15_ttl180,usdjpy,short,2021-09-13 13:55:00+00:00,2021-09-13 16:55:00+00:00,109.96,110.003,-4.300000000000637,30.0,0.01,"[{""time"": ""2021-09-13T16:55:00+00:00"", ""price"": 110.003, ""fraction"": 1.0, ""pips"": -4.300000000000637}]",18667.549860246563,-7.299770322660542,1756.1596606237679,18667.549860246563,2021,1748.8598903011073,2021,1756.1596606237679
usdjpy_short_h12-15_rr1.25_imb2.5_node3_ret5_sig1_sl30_tp20-40-60_frac0.3-0.3-0.3_trail15_ttl180,usdjpy,short,2021-09-14 12:32:00+00:00,2021-09-14 15:32:00+00:00,109.991,109.669,28.54000000000019,30.0,0.01,"[{""time"": ""2021-09-14T14:01:00+00:00"", ""price"": 109.791, ""fraction"": 0.3, ""pips"": 20}, {""time"": ""2021-09-14T15:32:00+00:00"", ""price"": 109.669, ""fraction"": 0.7, ""pips"": 32.20000000000027}]",18593.505263571442,48.2487125602208,1748.8598903011073,18593.505263571442,2021,1797.108602861328,2021,1748.8598903011073
gbpjpy_short_h12-15_rr1.25_imb3.5_node3_ret10_sig1.05_sl30_tp25-50-75_frac0.4-0.3-0.2_trail20_ttl240,gbpjpy,short,2021-09-14 14:35:00+00:00,2021-09-14 16:11:00+00:00,152.04,151.963,14.61999999999989,30.0,0.01,"[{""time"": ""2021-09-14T15:20:00+00:00"", ""price"": 151.79, ""fraction"": 0.4, ""pips"": 25}, {""time"": ""2021-09-14T16:11:00+00:00"", ""price"": 151.963, ""fraction"": 0.6, ""pips"": 7.699999999999818}]",18550.649451959613,24.716053876328594,1748.8598903011073,25708.78855598727,2021,1821.8246567376566,2021,1797.108602861328
gbpjpy_short_h12-15_rr1.25_imb3.5_node3_ret10_sig1.05_sl30_tp25-50-75_frac0.4-0.3-0.2_trail20_ttl240,gbpjpy,short,2021-09-16 13:54:00+00:00,2021-09-16 15:29:00+00:00,151.148,151.08599999999998,13.72000000000071,30.0,0.01,"[{""time"": ""2021-09-16T14:55:00+00:00"", ""price"": 150.898, ""fraction"": 0.4, ""pips"": 25}, {""time"": ""2021-09-16T15:29:00+00:00"", ""price"": 151.08599999999998, ""fraction"": 0.6, ""pips"": 6.200000000001182}]",19321.78952582555,24.162253147427208,1821.8246567376566,26615.76507182469,2021,1845.9869098850838,2021,1821.8246567376566
gbpusd_short_h12-15_rr1.25_imb4_node3_ret5_sig1_sl25_tp25-50-75_frac0.4-0.3-0.2_trail20_ttl180,gbpusd,short,2021-09-16 13:49:00+00:00,2021-09-16 16:50:00+00:00,1.37721,1.37855,-13.399999999998968,25.0,0.0001,"[{""time"": ""2021-09-16T16:50:00+00:00"", ""price"": 1.37855, ""fraction"": 1.0, ""pips"": -13.399999999998968}]",21133.166018156815,-28.31844246432795,1821.8246567376566,29104.80757186575,2021,1817.6684674207559,2021,1845.9869098850838
usdjpy_short_h12-15_rr1.25_imb2.5_node3_ret5_sig1_sl30_tp20-40-60_frac0.3-0.3-0.3_trail15_ttl180,usdjpy,short,2021-09-17 14:41:00+00:00,2021-09-17 17:42:00+00:00,109.958,109.958,0.0,30.0,0.01,"[{""time"": ""2021-09-17T17:42:00+00:00"", ""price"": 109.958, ""fraction"": 1.0, ""pips"": 0.0}]",19320.407115620386,0.0,1817.6684674207559,19320.407115620386,2021,1817.6684674207559,2021,1817.6684674207559
gbpjpy_short_h12-15_rr1.25_imb3.5_node3_ret10_sig1.05_sl30_tp25-50-75_frac0.4-0.3-0.2_trail20_ttl240,gbpjpy,short,2021-09-17 14:17:00+00:00,2021-09-17 18:19:00+00:00,151.317,151.038,26.73999999999978,30.0,0.01,"[{""time"": ""2021-09-17T18:11:00+00:00"", ""price"": 151.067, ""fraction"": 0.4, ""pips"": 25}, {""time"": ""2021-09-17T18:19:00+00:00"", ""price"": 151.038, ""fraction"": 0.6, ""pips"": 27.899999999999636}]",19331.03744670735,46.98430632486959,1817.6684674207559,26595.35135361827,2021,1864.6527737456254,2021,1817.6684674207559
gbpusd_short_h12-15_rr1.25_imb4_node3_ret5_sig1_sl25_tp25-50-75_frac0.4-0.3-0.2_trail20_ttl180,gbpusd,short,2021-09-21 14:10:00+00:00,2021-09-21 17:10:00+00:00,1.36469,1.36585,-11.600000000000499,25.0,0.0001,"[{""time"": ""2021-09-21T17:10:00+00:00"", ""price"": 1.36585, ""fraction"": 1.0, ""pips"": -11.600000000000499}]",21629.972175449253,-25.090767723522212,1864.6527737456254,29518.20672811384,2021,1839.562006022103,2021,1864.6527737456254
usdjpy_short_h12-15_rr1.25_imb2.5_node3_ret5_sig1_sl30_tp20-40-60_frac0.3-0.3-0.3_trail15_ttl180,usdjpy,short,2021-09-30 15:03:00+00:00,2021-09-30 18:03:00+00:00,111.589,111.428,17.270000000000095,30.0,0.01,"[{""time"": ""2021-09-30T17:20:00+00:00"", ""price"": 111.389, ""fraction"": 0.3, ""pips"": 20}, {""time"": ""2021-09-30T18:03:00+00:00"", ""price"": 111.428, ""fraction"": 0.7, ""pips"": 16.100000000000136}]",19841.193873603348,30.710261315868497,1839.562006022103,19841.193873603348,2021,1870.2722673379717,2021,1839.562006022103
usdjpy_short_h12-15_rr1.25_imb2.5_node3_ret5_sig1_sl30_tp20-40-60_frac0.3-0.3-0.3_trail15_ttl180,usdjpy,short,2021-10-01 13:50:00+00:00,2021-10-01 16:50:00+00:00,110.93,110.995,-6.499999999999773,30.0,0.01,"[{""time"": ""2021-10-01T16:50:00+00:00"", ""price"": 110.995, ""fraction"": 1.0, ""pips"": -6.499999999999773}]",20052.83481772565,-11.751544079773177,1870.2722673379717,20052.83481772565,2021,1858.5207232581986,2021,1870.2722673379717
usdjpy_short_h12-15_rr1.25_imb2.5_node3_ret5_sig1_sl30_tp20-40-60_frac0.3-0.3-0.3_trail15_ttl180,usdjpy,short,2021-10-04 12:39:00+00:00,2021-10-04 15:39:00+00:00,110.96,110.932,2.7999999999991587,30.0,0.01,"[{""time"": ""2021-10-04T15:39:00+00:00"", ""price"": 110.932, ""fraction"": 1.0, ""pips"": 2.7999999999991587}]",19933.483481407802,5.030396090950679,1858.5207232581986,19933.483481407802,2021,1863.5511193491493,2021,1858.5207232581986
usdjpy_short_h12-15_rr1.25_imb2.5_node3_ret5_sig1_sl30_tp20-40-60_frac0.3-0.3-0.3_trail15_ttl180,usdjpy,short,2021-10-08 12:39:00+00:00,2021-10-08 13:32:00+00:00,111.519,111.819,-29.999999999999716,30.0,0.01,"[{""time"": ""2021-10-08T13:32:00+00:00"", ""price"": 111.819, ""fraction"": 1.0, ""pips"": -29.999999999999716}]",20090.929088110515,-54.042982461124815,1863.5511193491493,20090.929088110515,2021,1809.5081368880244,2021,1863.5511193491493
usdjpy_short_h12-15_rr1.25_imb2.5_node3_ret5_sig1_sl30_tp20-40-60_frac0.3-0.3-0.3_trail15_ttl180,usdjpy,short,2021-10-13 13:32:00+00:00,2021-10-13 16:32:00+00:00,113.356,113.423,-6.700000000000728,30.0,0.01,"[{""time"": ""2021-10-13T16:32:00+00:00"", ""price"": 113.423, ""fraction"": 1.0, ""pips"": -6.700000000000728}]",19838.714362044862,-11.719581033246044,1809.5081368880244,19838.714362044862,2021,1797.7885558547785,2021,1809.5081368880244
usdjpy_short_h12-15_rr1.25_imb2.5_node3_ret5_sig1_sl30_tp20-40-60_frac0.3-0.3-0.3_trail15_ttl180,usdjpy,short,2021-10-21 12:55:00+00:00,2021-10-21 16:05:00+00:00,113.854,113.787,6.6999999999993065,30.0,0.01,"[{""time"": ""2021-10-21T16:05:00+00:00"", ""price"": 113.787, ""fraction"": 1.0, ""pips"": 6.6999999999993065}]",19796.59737687845,11.643677213418242,1797.7885558547785,19796.59737687845,2021,1809.4322330681966,2021,1797.7885558547785
usdjpy_short_h12-15_rr1.25_imb2.5_node3_ret5_sig1_sl30_tp20-40-60_frac0.3-0.3-0.3_trail15_ttl180,usdjpy,short,2021-11-05 13:16:00+00:00,2021-11-05 16:16:00+00:00,113.645,113.479,17.619999999999777,30.0,0.01,"[{""time"": ""2021-11-05T15:38:00+00:00"", ""price"": 113.445, ""fraction"": 0.3, ""pips"": 20}, {""time"": ""2021-11-05T16:16:00+00:00"", ""price"": 113.479, ""fraction"": 0.7, ""pips"": 16.59999999999968}]",19874.43874585407,30.81945608177251,1809.4322330681966,19874.43874585407,2021,1840.2516891499693,2021,1809.4322330681966
usdjpy_short_h12-15_rr1.25_imb2.5_node3_ret5_sig1_sl30_tp20-40-60_frac0.3-0.3-0.3_trail15_ttl180,usdjpy,short,2022-01-13 13:10:00+00:00,2022-01-13 16:10:00+00:00,114.301,114.093,20.55999999999989,30.0,0.01,"[{""time"": ""2022-01-13T15:41:00+00:00"", ""price"": 114.101, ""fraction"": 0.3, ""pips"": 20}, {""time"": ""2022-01-13T16:10:00+00:00"", ""price"": 114.093, ""fraction"": 0.7, ""pips"": 20.79999999999984}]",20333.830368401097,36.57438890462572,1840.2516891499693,20333.830368401097,2022,1876.826078054595,2022,1840.2516891499693
usdjpy_short_h12-15_rr1.25_imb2.5_node3_ret5_sig1_sl30_tp20-40-60_frac0.3-0.3-0.3_trail15_ttl180,usdjpy,short,2022-01-14 13:40:00+00:00,2022-01-14 16:40:00+00:00,113.587,113.864,-27.700000000000102,30.0,0.01,"[{""time"": ""2022-01-14T16:40:00+00:00"", ""price"": 113.864, ""fraction"": 1.0, ""pips"": -27.700000000000102}]",20603.884270100316,-50.255146283375375,1876.826078054595,20603.884270100316,2022,1826.5709317712196,2022,1876.826078054595
usdjpy_short_h12-15_rr1.25_imb2.5_node3_ret5_sig1_sl30_tp20-40-60_frac0.3-0.3-0.3_trail15_ttl180,usdjpy,short,2022-01-21 14:10:00+00:00,2022-01-21 17:10:00+00:00,113.642,113.694,-5.200000000000671,30.0,0.01,"[{""time"": ""2022-01-21T17:10:00+00:00"", ""price"": 113.694, ""fraction"": 1.0, ""pips"": -5.200000000000671}]",20067.365821974054,-9.181563217037848,1826.5709317712196,20067.365821974054,2022,1817.3893685541818,2022,1826.5709317712196
usdjpy_short_h12-15_rr1.25_imb2.5_node3_ret5_sig1_sl30_tp20-40-60_frac0.3-0.3-0.3_trail15_ttl180,usdjpy,short,2022-01-31 15:59:00+00:00,2022-01-31 18:59:00+00:00,115.212,114.99,21.54000000000059,30.0,0.01,"[{""time"": ""2022-01-31T18:39:00+00:00"", ""price"": 115.012, ""fraction"": 0.3, ""pips"": 20}, {""time"": ""2022-01-31T18:59:00+00:00"", ""price"": 114.99, ""fraction"": 0.7, ""pips"": 22.20000000000084}]",20243.63059690203,37.841681432036204,1817.3893685541818,20243.63059690203,2022,1855.231049986218,2022,1817.3893685541818
usdjpy_short_h12-15_rr1.25_imb2.5_node3_ret5_sig1_sl30_tp20-40-60_frac0.3-0.3-0.3_trail15_ttl180,usdjpy,short,2022-02-10 15:32:00+00:00,2022-02-10 18:32:00+00:00,115.849,115.878,-2.899999999999636,30.0,0.01,"[{""time"": ""2022-02-10T18:32:00+00:00"", ""price"": 115.878, ""fraction"": 1.0, ""pips"": -2.899999999999636}]",20777.2303491274,-5.2008310434607115,1855.231049986218,20777.2303491274,2022,1850.0302189427573,2022,1855.231049986218
usdjpy_short_h12-15_rr1.25_imb2.5_node3_ret5_sig1_sl30_tp20-40-60_frac0.3-0.3-0.3_trail15_ttl180,usdjpy,short,2022-02-25 14:09:00+00:00,2022-02-25 17:09:00+00:00,115.465,115.634,-16.899999999999693,30.0,0.01,"[{""time"": ""2022-02-25T17:09:00+00:00"", ""price"": 115.634, ""fraction"": 1.0, ""pips"": -16.899999999999693}]",20653.888450078157,-30.223327010127633,1850.0302189427573,20653.888450078157,2022,1819.8068919326297,2022,1850.0302189427573
usdjpy_short_h12-15_rr1.25_imb2.5_node3_ret5_sig1_sl30_tp20-40-60_frac0.3-0.3-0.3_trail15_ttl180,usdjpy,short,2022-03-03 15:04:00+00:00,2022-03-03 18:04:00+00:00,115.526,115.547,-2.1000000000000796,30.0,0.01,"[{""time"": ""2022-03-03T18:04:00+00:00"", ""price"": 115.547, ""fraction"": 1.0, ""pips"": -2.1000000000000796}]",20325.620321742164,-3.694207990623378,1819.8068919326297,20325.620321742164,2022,1816.1126839420062,2022,1819.8068919326297
gbpjpy_short_h12-15_rr1.25_imb3.5_node3_ret10_sig1.05_sl30_tp25-50-75_frac0.4-0.3-0.2_trail20_ttl240,gbpjpy,short,2022-05-05 12:19:00+00:00,2022-05-05 12:32:00+00:00,160.808,160.69,17.0799999999997,30.0,0.01,"[{""time"": ""2022-05-05T12:25:00+00:00"", ""price"": 160.558, ""fraction"": 0.4, ""pips"": 25}, {""time"": ""2022-05-05T12:32:00+00:00"", ""price"": 160.69, ""fraction"": 0.6, ""pips"": 11.7999999999995}]",22782.280047091015,29.98523115367129,1816.1126839420062,28251.963752196865,2022,1846.0979150956775,2022,1816.1126839420062
usdjpy_short_h12-15_rr1.25_imb2.5_node3_ret5_sig1_sl30_tp20-40-60_frac0.3-0.3-0.3_trail15_ttl180,usdjpy,short,2022-05-18 13:45:00+00:00,2022-05-18 15:38:00+00:00,128.508,128.281,21.89000000000027,30.0,0.01,"[{""time"": ""2022-05-18T15:22:00+00:00"", ""price"": 128.30800000000002, ""fraction"": 0.3, ""pips"": 20}, {""time"": ""2022-05-18T15:38:00+00:00"", ""price"": 128.281, ""fraction"": 0.7, ""pips"": 22.700000000000387}]",22942.320303254364,39.06404724939672,1846.0979150956775,22942.320303254364,2022,1885.1619623450742,2022,1846.0979150956775
gbpusd_short_h12-15_rr1.25_imb4_node3_ret5_sig1_sl25_tp25-50-75_frac0.4-0.3-0.2_trail20_ttl180,gbpusd,short,2022-06-01 13:39:00+00:00,2022-06-01 14:47:00+00:00,1.25437,1.25053,36.520000000000195,25.0,0.0001,"[{""time"": ""2022-06-01T14:04:00+00:00"", ""price"": 1.25187, ""fraction"": 0.4, ""pips"": 25}, {""time"": ""2022-06-01T14:25:00+00:00"", ""price"": 1.24937, ""fraction"": 0.3, ""pips"": 50}, {""time"": ""2022-06-01T14:47:00+00:00"", ""price"": 1.25053, ""fraction"": 0.3, ""pips"": 38.40000000000065}]",21867.878763202858,79.86149324321727,1885.1619623450742,27430.411084198768,2022,1965.0234555882914,2022,1885.1619623450742
usdjpy_short_h12-15_rr1.25_imb2.5_node3_ret5_sig1_sl30_tp20-40-60_frac0.3-0.3-0.3_trail15_ttl180,usdjpy,short,2022-06-13 13:50:00+00:00,2022-06-13 14:07:00+00:00,133.639,133.93900000000002,-30.000000000001137,30.0,0.01,"[{""time"": ""2022-06-13T14:07:00+00:00"", ""price"": 133.93900000000002, ""fraction"": 1.0, ""pips"": -30.000000000001137}]",25384.271250462327,-56.98568021206262,1965.0234555882914,25384.271250462327,2022,1908.0377753762289,2022,1965.0234555882914
usdjpy_short_h12-15_rr1.25_imb2.5_node3_ret5_sig1_sl30_tp20-40-60_frac0.3-0.3-0.3_trail15_ttl180,usdjpy,short,2022-06-23 13:24:00+00:00,2022-06-23 13:46:00+00:00,134.77,134.71800000000002,9.639999999999475,30.0,0.01,"[{""time"": ""2022-06-23T13:46:00+00:00"", ""price"": 134.57000000000002, ""fraction"": 0.3, ""pips"": 20}, {""time"": ""2022-06-23T13:46:00+00:00"", ""price"": 134.71800000000002, ""fraction"": 0.7, ""pips"": 5.19999999999925}]",24867.707551452146,17.780368016138315,1908.0377753762289,24867.707551452146,2022,1925.8181433923671,2022,1908.0377753762289
usdjpy_short_h12-15_rr1.25_imb2.5_node3_ret5_sig1_sl30_tp20-40-60_frac0.3-0.3-0.3_trail15_ttl180,usdjpy,short,2022-07-28 12:34:00+00:00,2022-07-28 12:48:00+00:00,135.277,134.86100000000002,34.639999999998736,30.0,0.01,"[{""time"": ""2022-07-28T12:43:00+00:00"", ""price"": 135.077, ""fraction"": 0.3, ""pips"": 20}, {""time"": ""2022-07-28T12:44:00+00:00"", ""price"": 134.87699999999998, ""fraction"": 0.3, ""pips"": 40}, {""time"": ""2022-07-28T12:48:00+00:00"", ""price"": 134.86100000000002, ""fraction"": 0.39999999999999997, ""pips"": 41.59999999999684}]",25160.13037798037,64.48666247087219,1925.8181433923671,25160.13037798037,2022,1990.3048058632394,2022,1925.8181433923671
usdjpy_short_h12-15_rr1.25_imb2.5_node3_ret5_sig1_sl30_tp20-40-60_frac0.3-0.3-0.3_trail15_ttl180,usdjpy,short,2022-08-19 13:01:00+00:00,2022-08-19 13:31:00+00:00,136.769,137.06900000000002,-30.000000000001137,30.0,0.01,"[{""time"": ""2022-08-19T13:31:00+00:00"", ""price"": 137.06900000000002, ""fraction"": 1.0, ""pips"": -30.000000000001137}]",26318.059187554376,-57.71883937003613,1990.3048058632394,26318.059187554376,2022,1932.5859664932032,2022,1990.3048058632394
usdjpy_short_h12-15_rr1.25_imb2.5_node3_ret5_sig1_sl30_tp20-40-60_frac0.3-0.3-0.3_trail15_ttl180,usdjpy,short,2022-08-23 13:53:00+00:00,2022-08-23 14:00:00+00:00,136.82,136.6,21.39999999999992,30.0,0.01,"[{""time"": ""2022-08-23T14:00:00+00:00"", ""price"": 136.62, ""fraction"": 0.3, ""pips"": 20}, {""time"": ""2022-08-23T14:00:00+00:00"", ""price"": 136.6, ""fraction"": 0.7, ""pips"": 21.999999999999886}]",25567.071961259786,39.978761693522586,1932.5859664932032,25567.071961259786,2022,1972.5647281867257,2022,1932.5859664932032
usdjpy_short_h12-15_rr1.25_imb2.5_node3_ret5_sig1_sl30_tp20-40-60_frac0.3-0.3-0.3_trail15_ttl180,usdjpy,short,2022-10-03 15:08:00+00:00,2022-10-03 15:21:00+00:00,144.369,144.314,9.850000000000477,30.0,0.01,"[{""time"": ""2022-10-03T15:17:00+00:00"", ""price"": 144.169, ""fraction"": 0.3, ""pips"": 20}, {""time"": ""2022-10-03T15:21:00+00:00"", ""price"": 144.314, ""fraction"": 0.7, ""pips"": 5.500000000000682}]",27524.55343444395,18.78210382021885,1972.5647281867257,27524.55343444395,2022,1991.3468320069446,2022,1972.5647281867257
usdjpy_short_h12-15_rr1.25_imb2.5_node3_ret5_sig1_sl30_tp20-40-60_frac0.3-0.3-0.3_trail15_ttl180,usdjpy,short,2022-10-04 14:49:00+00:00,2022-10-04 16:46:00+00:00,144.478,144.108,32.80000000000018,30.0,0.01,"[{""time"": ""2022-10-04T16:03:00+00:00"", ""price"": 144.27800000000002, ""fraction"": 0.3, ""pips"": 20}, {""time"": ""2022-10-04T16:30:00+00:00"", ""price"": 144.078, ""fraction"": 0.3, ""pips"": 40}, {""time"": ""2022-10-04T16:46:00+00:00"", ""price"": 144.108, ""fraction"": 0.39999999999999997, ""pips"": 37.000000000000455}]",27820.801250121447,63.1389702201672,1991.3468320069446,27820.801250121447,2022,2054.485802227112,2022,1991.3468320069446
usdjpy_short_h12-15_rr1.25_imb2.5_node3_ret5_sig1_sl30_tp20-40-60_frac0.3-0.3-0.3_trail15_ttl180,usdjpy,short,2022-11-09 15:10:00+00:00,2022-11-09 15:34:00+00:00,145.948,146.24800000000002,-30.000000000001137,30.0,0.01,"[{""time"": ""2022-11-09T15:34:00+00:00"", ""price"": 146.24800000000002, ""fraction"": 1.0, ""pips"": -30.000000000001137}]",28969.92421733109,-59.5800882645885,2054.485802227112,28969.92421733109,2022,1994.9057139625234,2022,2054.485802227112
usdjpy_short_h12-15_rr1.25_imb2.5_node3_ret5_sig1_sl30_tp20-40-60_frac0.3-0.3-0.3_trail15_ttl180,usdjpy,short,2022-11-10 13:34:00+00:00,2022-11-10 13:34:00+00:00,144.635,144.39000000000001,23.14999999999833,30.0,0.01,"[{""time"": ""2022-11-10T13:34:00+00:00"", ""price"": 144.435, ""fraction"": 0.3, ""pips"": 20}, {""time"": ""2022-11-10T13:34:00+00:00"", ""price"": 144.39000000000001, ""fraction"": 0.7, ""pips"": 24.499999999997613}]",27836.96753011876,44.64266503562145,1994.9057139625234,27836.96753011876,2022,2039.5483789981447,2022,1994.9057139625234
gbpjpy_short_h12-15_rr1.25_imb3.5_node3_ret10_sig1.05_sl30_tp25-50-75_frac0.4-0.3-0.2_trail20_ttl240,gbpjpy,short,2022-11-10 14:36:00+00:00,2022-11-10 14:38:00+00:00,166.172,165.62099999999998,45.51000000000016,30.0,0.01,"[{""time"": ""2022-11-10T14:38:00+00:00"", ""price"": 165.922, ""fraction"": 0.4, ""pips"": 25}, {""time"": ""2022-11-10T14:38:00+00:00"", ""price"": 165.672, ""fraction"": 0.3, ""pips"": 50}, {""time"": ""2022-11-10T14:38:00+00:00"", ""price"": 165.422, ""fraction"": 0.2, ""pips"": 75}, {""time"": ""2022-11-10T14:38:00+00:00"", ""price"": 165.62099999999998, ""fraction"": 0.09999999999999998, ""pips"": 55.100000000001614}]",28184.38647873072,89.72585183726568,2039.5483789981447,32759.557935823075,2022,2129.2742308354104,2022,2039.5483789981447
usdjpy_short_h12-15_rr1.25_imb2.5_node3_ret5_sig1_sl30_tp20-40-60_frac0.3-0.3-0.3_trail15_ttl180,usdjpy,short,2022-12-21 15:23:00+00:00,2022-12-21 16:40:00+00:00,131.973,132.27300000000002,-30.000000000001137,30.0,0.01,"[{""time"": ""2022-12-21T16:40:00+00:00"", ""price"": 132.27300000000002, ""fraction"": 1.0, ""pips"": -30.000000000001137}]",27162.026396215377,-61.748952694229246,2129.2742308354104,27162.026396215377,2022,2067.5252781411814,2022,2129.2742308354104
gbpjpy_short_h12-15_rr1.25_imb3.5_node3_ret10_sig1.05_sl30_tp25-50-75_frac0.4-0.3-0.2_trail20_ttl240,gbpjpy,short,2022-12-29 14:06:00+00:00,2022-12-29 15:20:00+00:00,160.389,160.28099999999998,16.48000000000195,30.0,0.01,"[{""time"": ""2022-12-29T15:01:00+00:00"", ""price"": 160.139, ""fraction"": 0.4, ""pips"": 25}, {""time"": ""2022-12-29T15:20:00+00:00"", ""price"": 160.28099999999998, ""fraction"": 0.6, ""pips"": 10.800000000003251}]",26607.864948517537,32.93705603097834,2067.5252781411814,32046.51254399452,2022,2100.46233417216,2022,2067.5252781411814
gbpusd_short_h12-15_rr1.25_imb4_node3_ret5_sig1_sl25_tp25-50-75_frac0.4-0.3-0.2_trail20_ttl180,gbpusd,short,2022-12-30 15:27:00+00:00,2022-12-30 15:53:00+00:00,1.20514,1.20369,18.70000000000104,25.0,0.0001,"[{""time"": ""2022-12-30T15:47:00+00:00"", ""price"": 1.2026400000000002, ""fraction"": 0.4, ""pips"": 25}, {""time"": ""2022-12-30T15:53:00+00:00"", ""price"": 1.20369, ""fraction"": 0.6, ""pips"": 14.500000000001734}]",24365.363076397054,45.56322895286503,2100.46233417216,29363.673657889147,2022,2146.0255631250247,2022,2100.46233417216
usdjpy_short_h12-15_rr1.25_imb2.5_node3_ret5_sig1_sl30_tp20-40-60_frac0.3-0.3-0.3_trail15_ttl180,usdjpy,short,2023-01-06 13:47:00+00:00,2023-01-06 13:51:00+00:00,133.465,133.394,10.969999999999857,30.0,0.01,"[{""time"": ""2023-01-06T13:51:00+00:00"", ""price"": 133.26500000000001, ""fraction"": 0.3, ""pips"": 20}, {""time"": ""2023-01-06T13:51:00+00:00"", ""price"": 133.394, ""fraction"": 0.7, ""pips"": 7.099999999999795}]",27665.624461978587,22.75717041323184,2146.0255631250247,27665.624461978587,2023,2168.7827335382567,2023,2146.0255631250247
usdjpy_short_h12-15_rr1.25_imb2.5_node3_ret5_sig1_sl30_tp20-40-60_frac0.3-0.3-0.3_trail15_ttl180,usdjpy,short,2023-01-10 14:33:00+00:00,2023-01-10 14:52:00+00:00,131.785,132.085,-30.000000000001137,30.0,0.01,"[{""time"": ""2023-01-10T14:52:00+00:00"", ""price"": 132.085, ""fraction"": 1.0, ""pips"": -30.000000000001137}]",27644.945767280326,-62.894699272611824,2168.7827335382567,27644.945767280326,2023,2105.888034265645,2023,2168.7827335382567
usdjpy_short_h12-15_rr1.25_imb2.5_node3_ret5_sig1_sl30_tp20-40-60_frac0.3-0.3-0.3_trail15_ttl180,usdjpy,short,2023-01-17 14:11:00+00:00,2023-01-17 14:20:00+00:00,128.5,128.443,9.989999999999156,30.0,0.01,"[{""time"": ""2023-01-17T14:17:00+00:00"", ""price"": 128.3, ""fraction"": 0.3, ""pips"": 20}, {""time"": ""2023-01-17T14:20:00+00:00"", ""price"": 128.443, ""fraction"": 0.7, ""pips"": 5.699999999998795}]",26153.855323318574,20.33656074690161,2105.888034265645,26153.855323318574,2023,2126.2245950125466,2023,2105.888034265645
usdjpy_short_h12-15_rr1.25_imb2.5_node3_ret5_sig1_sl30_tp20-40-60_frac0.3-0.3-0.3_trail15_ttl180,usdjpy,short,2023-03-10 15:04:00+00:00,2023-03-10 15:47:00+00:00,134.495,134.273,21.54000000000059,30.0,0.01,"[{""time"": ""2023-03-10T15:39:00+00:00"", ""price"": 134.29500000000002, ""fraction"": 0.3, ""pips"": 20}, {""time"": ""2023-03-10T15:47:00+00:00"", ""price"": 134.273, ""fraction"": 0.7, ""pips"": 22.20000000000084}]",27644.668977865644,44.27224851735245,2126.2245950125466,27644.668977865644,2023,2170.4968435298993,2023,2126.2245950125466
gbpjpy_short_h12-15_rr1.25_imb3.5_node3_ret10_sig1.05_sl30_tp25-50-75_frac0.4-0.3-0.2_trail20_ttl240,gbpjpy,short,2023-03-16 13:25:00+00:00,2023-03-16 13:28:00+00:00,158.648,158.948,-30.000000000001137,30.0,0.01,"[{""time"": ""2023-03-16T13:28:00+00:00"", ""price"": 158.948, ""fraction"": 1.0, ""pips"": -30.000000000001137}]",27667.9490910655,-62.94440846236946,2170.4968435298993,33313.73244284287,2023,2107.5524350675296,2023,2170.4968435298993
usdjpy_short_h12-15_rr1.25_imb2.5_node3_ret5_sig1_sl30_tp20-40-60_frac0.3-0.3-0.3_trail15_ttl180,usdjpy,short,2023-04-13 12:48:00+00:00,2023-04-13 13:54:00+00:00,132.767,132.178,41.889999999999986,30.0,0.01,"[{""time"": ""2023-04-13T12:54:00+00:00"", ""price"": 132.567, ""fraction"": 0.3, ""pips"": 20}, {""time"": ""2023-04-13T13:20:00+00:00"", ""price"": 132.367, ""fraction"": 0.3, ""pips"": 40}, {""time"": ""2023-04-13T13:36:00+00:00"", ""price"": 132.167, ""fraction"": 0.3, ""pips"": 60}, {""time"": ""2023-04-13T13:54:00+00:00"", ""price"": 132.178, ""fraction"": 0.09999999999999998, ""pips"": 58.899999999999864}]",27048.63003417236,85.34252578814615,2107.5524350675296,27048.63003417236,2023,2192.894960855676,2023,2107.5524350675296
gbpjpy_short_h12-15_rr1.25_imb3.5_node3_ret10_sig1.05_sl30_tp25-50-75_frac0.4-0.3-0.2_trail20_ttl240,gbpjpy,short,2023-04-13 13:07:00+00:00,2023-04-13 14:01:00+00:00,165.88,165.62199999999999,25.480000000000587,30.0,0.01,"[{""time"": ""2023-04-13T13:37:00+00:00"", ""price"": 165.63, ""fraction"": 0.4, ""pips"": 25}, {""time"": ""2023-04-13T14:01:00+00:00"", ""price"": 165.62199999999999, ""fraction"": 0.6, ""pips"": 25.800000000000978}]",26994.132240788917,51.91042151067116,2107.5524350675296,33806.10151175199,2023,2244.805382366347,2023,2192.894960855676
usdjpy_short_h12-15_rr1.25_imb2.5_node3_ret5_sig1_sl30_tp20-40-60_frac0.3-0.3-0.3_trail15_ttl180,usdjpy,short,2023-05-02 14:24:00+00:00,2023-05-02 14:50:00+00:00,136.847,136.549,29.920000000000073,30.0,0.01,"[{""time"": ""2023-05-02T14:34:00+00:00"", ""price"": 136.64700000000002, ""fraction"": 0.3, ""pips"": 20}, {""time"": ""2023-05-02T14:48:00+00:00"", ""price"": 136.447, ""fraction"": 0.3, ""pips"": 40}, {""time"": ""2023-05-02T14:50:00+00:00"", ""price"": 136.549, ""fraction"": 0.39999999999999997, ""pips"": 29.800000000000182}]",29681.942909681326,64.92575780572122,2244.805382366347,29681.942909681326,2023,2309.7311401720685,2023,2244.805382366347
usdjpy_short_h12-15_rr1.25_imb2.5_node3_ret5_sig1_sl30_tp20-40-60_frac0.3-0.3-0.3_trail15_ttl180,usdjpy,short,2023-05-04 14:22:00+00:00,2023-05-04 14:35:00+00:00,134.054,133.98000000000002,11.17999999999887,30.0,0.01,"[{""time"": ""2023-05-04T14:30:00+00:00"", ""price"": 133.854, ""fraction"": 0.3, ""pips"": 20}, {""time"": ""2023-05-04T14:35:00+00:00"", ""price"": 133.98000000000002, ""fraction"": 0.7, ""pips"": 7.399999999998386}]",29924.969041314933,24.96203434221708,2309.7311401720685,29924.969041314933,2023,2334.6931745142856,2023,2309.7311401720685
usdjpy_short_h12-15_rr1.25_imb2.5_node3_ret5_sig1_sl30_tp20-40-60_frac0.3-0.3-0.3_trail15_ttl180,usdjpy,short,2023-05-10 12:36:00+00:00,2023-05-10 13:06:00+00:00,134.694,134.447,23.289999999998997,30.0,0.01,"[{""time"": ""2023-05-10T12:50:00+00:00"", ""price"": 134.494, ""fraction"": 0.3, ""pips"": 20}, {""time"": ""2023-05-10T13:06:00+00:00"", ""price"": 134.447, ""fraction"": 0.7, ""pips"": 24.699999999998568}]",30394.961867695947,52.562503899954194,2334.6931745142856,30394.961867695947,2023,2387.25567841424,2023,2334.6931745142856
gbpusd_short_h12-15_rr1.25_imb4_node3_ret5_sig1_sl25_tp25-50-75_frac0.4-0.3-0.2_trail20_ttl180,gbpusd,short,2023-05-12 14:16:00+00:00,2023-05-12 17:16:00+00:00,1.24911,1.24539,32.31999999999967,25.0,0.0001,"[{""time"": ""2023-05-12T15:16:00+00:00"", ""price"": 1.24661, ""fraction"": 0.4, ""pips"": 25}, {""time"": ""2023-05-12T17:16:00+00:00"", ""price"": 1.24539, ""fraction"": 0.6, ""pips"": 37.199999999999456}]",27692.165869605178,89.50108009056304,2387.25567841424,34590.56130938252,2023,2476.7567585048027,2023,2387.25567841424
usdjpy_short_h12-15_rr1.25_imb2.5_node3_ret5_sig1_sl30_tp20-40-60_frac0.3-0.3-0.3_trail15_ttl180,usdjpy,short,2023-05-19 15:18:00+00:00,2023-05-19 15:36:00+00:00,137.664,137.591,11.109999999998536,30.0,0.01,"[{""time"": ""2023-05-19T15:36:00+00:00"", ""price"": 137.464, ""fraction"": 0.3, ""pips"": 20}, {""time"": ""2023-05-19T15:36:00+00:00"", ""price"": 137.591, ""fraction"": 0.7, ""pips"": 7.299999999997908}]",32945.00519982851,26.599542000751907,2476.7567585048027,32945.00519982851,2023,2503.356300505555,2023,2476.7567585048027
gbpusd_short_h12-15_rr1.25_imb4_node3_ret5_sig1_sl25_tp25-50-75_frac0.4-0.3-0.2_trail20_ttl180,gbpusd,short,2023-05-26 12:36:00+00:00,2023-05-26 15:36:00+00:00,1.23612,1.23323,27.340000000000355,25.0,0.0001,"[{""time"": ""2023-05-26T14:37:00+00:00"", ""price"": 1.2336200000000002, ""fraction"": 0.4, ""pips"": 25}, {""time"": ""2023-05-26T15:36:00+00:00"", ""price"": 1.23323, ""fraction"": 0.6, ""pips"": 28.900000000000592}]",29038.93308586443,79.39244305675439,2503.356300505555,35895.605966098745,2023,2582.7487435623093,2023,2503.356300505555
gbpusd_long_h12-15_rr1.25_imb4_node2_ret20_sig1_sl20_tp20-40-60_frac0.3-0.3-0.3_trail15_ttl240,gbpusd,long,2023-06-01 13:06:00+00:00,2023-06-01 14:01:00+00:00,1.24911,1.25095,18.880000000000447,20.0,0.0001,"[{""time"": ""2023-06-01T14:00:00+00:00"", ""price"": 1.25111, ""fraction"": 0.3, ""pips"": 20}, {""time"": ""2023-06-01T14:01:00+00:00"", ""price"": 1.25095, ""fraction"": 0.7, ""pips"": 18.400000000000638}]",37449.85678165348,70.70532960376345,2582.7487435623093,46778.99060453117,2023,2653.4540731660727,2023,2582.7487435623093
gbpusd_short_h12-15_rr1.25_imb4_node3_ret5_sig1_sl25_tp25-50-75_frac0.4-0.3-0.2_trail20_ttl180,gbpusd,short,2023-06-02 12:51:00+00:00,2023-06-02 13:06:00+00:00,1.25009,1.2525899999999999,-24.999999999999467,25.0,0.0001,"[{""time"": ""2023-06-02T13:06:00+00:00"", ""price"": 1.2525899999999999, ""fraction"": 1.0, ""pips"": -24.999999999999467}]",30780.067248726442,-76.95016812181447,2653.4540731660727,38477.854266960436,2023,2576.5039050442583,2023,2653.4540731660727
usdjpy_short_h12-15_rr1.25_imb2.5_node3_ret5_sig1_sl30_tp20-40-60_frac0.3-0.3-0.3_trail15_ttl180,usdjpy,short,2023-06-05 13:56:00+00:00,2023-06-05 14:00:00+00:00,139.963,139.739,21.679999999999268,30.0,0.01,"[{""time"": ""2023-06-05T14:00:00+00:00"", ""price"": 139.763, ""fraction"": 0.3, ""pips"": 20}, {""time"": ""2023-06-05T14:00:00+00:00"", ""price"": 139.739, ""fraction"": 0.7, ""pips"": 22.399999999998954}]",34865.82196809118,53.996651172645706,2576.5039050442583,34865.82196809118,2023,2630.500556216904,2023,2576.5039050442583
gbpusd_long_h12-15_rr1.25_imb4_node2_ret20_sig1_sl20_tp20-40-60_frac0.3-0.3-0.3_trail15_ttl240,gbpusd,long,2023-06-08 13:35:00+00:00,2023-06-08 16:00:00+00:00,1.251,1.25423,30.920000000000265,20.0,0.0001,"[{""time"": ""2023-06-08T14:24:00+00:00"", ""price"": 1.253, ""fraction"": 0.3, ""pips"": 20}, {""time"": ""2023-06-08T15:30:00+00:00"", ""price"": 1.255, ""fraction"": 0.3, ""pips"": 40}, {""time"": ""2023-06-08T16:00:00+00:00"", ""price"": 1.25423, ""fraction"": 0.39999999999999997, ""pips"": 32.30000000000066}]",38142.258065145106,117.93586193742968,2630.500556216904,47715.964839496526,2023,2748.4364181543338,2023,2630.500556216904
gbpusd_short_h12-15_rr1.25_imb4_node3_ret5_sig1_sl25_tp25-50-75_frac0.4-0.3-0.2_trail20_ttl180,gbpusd,short,2023-06-12 14:20:00+00:00,2023-06-12 17:20:00+00:00,1.25132,1.25008,17.439999999999447,25.0,0.0001,"[{""time"": ""2023-06-12T15:50:00+00:00"", ""price"": 1.24882, ""fraction"": 0.4, ""pips"": 25}, {""time"": ""2023-06-12T17:20:00+00:00"", ""price"": 1.25008, ""fraction"": 0.6, ""pips"": 12.399999999999078}]",31881.862450590266,55.60196811382767,2748.4364181543338,39894.41212167261,2023,2804.0383862681615,2023,2748.4364181543338
usdjpy_short_h12-15_rr1.25_imb2.5_node3_ret5_sig1_sl30_tp20-40-60_frac0.3-0.3-0.3_trail15_ttl180,usdjpy,short,2023-06-27 13:30:00+00:00,2023-06-27 14:00:00+00:00,143.369,143.669,-30.000000000001137,30.0,0.01,"[{""time"": ""2023-06-27T14:00:00+00:00"", ""price"": 143.669, ""fraction"": 1.0, ""pips"": -30.000000000001137}]",38856.433843814964,-81.31711320177976,2804.0383862681615,38856.433843814964,2023,2722.721273066382,2023,2804.0383862681615
usdjpy_short_h12-15_rr1.25_imb2.5_node3_ret5_sig1_sl30_tp20-40-60_frac0.3-0.3-0.3_trail15_ttl180,usdjpy,short,2023-07-05 14:17:00+00:00,2023-07-05 14:37:00+00:00,144.093,144.393,-30.000000000001137,30.0,0.01,"[{""time"": ""2023-07-05T14:37:00+00:00"", ""price"": 144.393, ""fraction"": 1.0, ""pips"": -30.000000000001137}]",37933.837660774574,-78.95891691892807,2722.721273066382,37933.837660774574,2023,2643.762356147454,2023,2722.721273066382
usdjpy_short_h12-15_rr1.25_imb2.5_node3_ret5_sig1_sl30_tp20-40-60_frac0.3-0.3-0.3_trail15_ttl180,usdjpy,short,2023-07-10 13:31:00+00:00,2023-07-10 14:36:00+00:00,141.769,141.719,9.500000000000796,30.0,0.01,"[{""time"": ""2023-07-10T14:16:00+00:00"", ""price"": 141.56900000000002, ""fraction"": 0.3, ""pips"": 20}, {""time"": ""2023-07-10T14:36:00+00:00"", ""price"": 141.719, ""fraction"": 0.7, ""pips"": 5.000000000001137}]",36244.29870741485,24.278550970622817,2643.762356147454,36244.29870741485,2023,2668.0409071180766,2023,2643.762356147454
usdjpy_short_h12-15_rr1.25_imb2.5_node3_ret5_sig1_sl30_tp20-40-60_frac0.3-0.3-0.3_trail15_ttl180,usdjpy,short,2023-08-24 14:18:00+00:00,2023-08-24 15:42:00+00:00,145.473,145.77300000000002,-30.000000000001137,30.0,0.01,"[{""time"": ""2023-08-24T15:42:00+00:00"", ""price"": 145.77300000000002, ""fraction"": 1.0, ""pips"": -30.000000000001137}]",37516.71057625898,-77.37318630642717,2668.0409071180766,37516.71057625898,2023,2590.6677208116494,2023,2668.0409071180766
gbpjpy_short_h12-15_rr1.25_imb3.5_node3_ret10_sig1.05_sl30_tp25-50-75_frac0.4-0.3-0.2_trail20_ttl240,gbpjpy,short,2023-08-29 14:39:00+00:00,2023-08-29 15:45:00+00:00,184.43,184.316,16.84000000000026,30.0,0.01,"[{""time"": ""2023-08-29T14:55:00+00:00"", ""price"": 184.18, ""fraction"": 0.4, ""pips"": 25}, {""time"": ""2023-08-29T15:45:00+00:00"", ""price"": 184.316, ""fraction"": 0.6, ""pips"": 11.400000000000432}]",36674.27377390548,42.17261627118655,2590.6677208116494,46202.250100366124,2023,2632.840337082836,2023,2590.6677208116494
gbpjpy_short_h12-15_rr1.25_imb3.5_node3_ret10_sig1.05_sl30_tp25-50-75_frac0.4-0.3-0.2_trail20_ttl240,gbpjpy,short,2023-09-06 14:01:00+00:00,2023-09-06 15:28:00+00:00,184.287,184.58700000000002,-30.000000000001137,30.0,0.01,"[{""time"": ""2023-09-06T15:28:00+00:00"", ""price"": 184.58700000000002, ""fraction"": 1.0, ""pips"": -30.000000000001137}]",37552.640534535334,-76.35236977540514,2632.840337082836,46931.03698163019,2023,2556.4879673074306,2023,2632.840337082836
usdjpy_short_h12-15_rr1.25_imb2.5_node3_ret5_sig1_sl30_tp20-40-60_frac0.3-0.3-0.3_trail15_ttl180,usdjpy,short,2023-09-13 13:32:00+00:00,2023-09-13 16:32:00+00:00,147.365,147.298,6.700000000000728,30.0,0.01,"[{""time"": ""2023-09-13T16:32:00+00:00"", ""price"": 147.298, ""fraction"": 1.0, ""pips"": 6.700000000000728}]",36419.87244991313,16.557520401596257,2556.4879673074306,36419.87244991313,2023,2573.045487709027,2023,2556.4879673074306
gbpusd_long_h12-15_rr1.25_imb4_node2_ret20_sig1_sl20_tp20-40-60_frac0.3-0.3-0.3_trail15_ttl240,gbpusd,long,2023-09-20 13:36:00+00:00,2023-09-20 17:36:00+00:00,1.23957,1.24074,14.189999999999253,20.0,0.0001,"[{""time"": ""2023-09-20T16:29:00+00:00"", ""price"": 1.24157, ""fraction"": 0.3, ""pips"": 20}, {""time"": ""2023-09-20T17:36:00+00:00"", ""price"": 1.24074, ""fraction"": 0.7, ""pips"": 11.699999999998933}]",37309.15957178089,52.941697432354296,2573.045487709027,46247.31493039244,2023,2625.9871851413814,2023,2573.045487709027
gbpusd_long_h12-15_rr1.25_imb4_node2_ret20_sig1_sl20_tp20-40-60_frac0.3-0.3-0.3_trail15_ttl240,gbpusd,long,2023-10-09 13:43:00+00:00,2023-10-09 17:43:00+00:00,1.2215,1.22283,13.300000000000534,20.0,0.0001,"[{""time"": ""2023-10-09T17:43:00+00:00"", ""price"": 1.22283, ""fraction"": 1.0, ""pips"": 13.300000000000534}]",38076.81418455002,50.64216286545356,2625.9871851413814,46510.82852642785,2023,2676.629348006835,2023,2625.9871851413814
gbpusd_short_h12-15_rr1.25_imb4_node3_ret5_sig1_sl25_tp25-50-75_frac0.4-0.3-0.2_trail20_ttl180,gbpusd,short,2023-10-12 12:42:00+00:00,2023-10-12 15:42:00+00:00,1.22524,1.22154,32.200000000000216,25.0,0.0001,"[{""time"": ""2023-10-12T14:32:00+00:00"", ""price"": 1.2227400000000002, ""fraction"": 0.4, ""pips"": 25}, {""time"": ""2023-10-12T15:42:00+00:00"", ""price"": 1.22154, ""fraction"": 0.6, ""pips"": 37.00000000000036}]",31048.900436879278,99.97745940675195,2676.629348006835,38042.35477128197,2023,2776.606807413587,2023,2676.629348006835
gbpjpy_short_h12-15_rr1.25_imb3.5_node3_ret10_sig1.05_sl30_tp25-50-75_frac0.4-0.3-0.2_trail20_ttl240,gbpjpy,short,2023-10-12 13:22:00+00:00,2023-10-12 16:05:00+00:00,183.094,182.92,20.440000000000396,30.0,0.01,"[{""time"": ""2023-10-12T15:26:00+00:00"", ""price"": 182.844, ""fraction"": 0.4, ""pips"": 25}, {""time"": ""2023-10-12T16:05:00+00:00"", ""price"": 182.92, ""fraction"": 0.6, ""pips"": 17.40000000000066}]",38677.09779254656,52.886627077485386,2676.629348006835,47378.86463940265,2023,2829.493434491072,2023,2776.606807413587
gbpusd_long_h12-15_rr1.25_imb4_node2_ret20_sig1_sl20_tp20-40-60_frac0.3-0.3-0.3_trail15_ttl240,gbpusd,long,2023-10-20 13:38:00+00:00,2023-10-20 14:08:00+00:00,1.21612,1.21412,-20.000000000000018,20.0,0.0001,"[{""time"": ""2023-10-20T14:08:00+00:00"", ""price"": 1.21412, ""fraction"": 1.0, ""pips"": -20.000000000000018}]",41027.654800120545,-82.05530960024116,2829.493434491072,49894.5515555226,2023,2747.4381248908307,2023,2829.493434491072
gbpusd_long_h12-15_rr1.25_imb4_node2_ret20_sig1_sl20_tp20-40-60_frac0.3-0.3-0.3_trail15_ttl240,gbpusd,long,2023-10-26 13:46:00+00:00,2023-10-26 14:02:00+00:00,1.2134,1.2114,-20.000000000000018,20.0,0.0001,"[{""time"": ""2023-10-26T14:02:00+00:00"", ""price"": 1.2114, ""fraction"": 1.0, ""pips"": -20.000000000000018}]",39837.852810917044,-79.67570562183415,2747.4381248908307,48339.25060076674,2023,2667.7624192689964,2023,2747.4381248908307
gbpusd_long_h12-15_rr1.25_imb4_node2_ret20_sig1_sl20_tp20-40-60_frac0.3-0.3-0.3_trail15_ttl240,gbpusd,long,2023-10-27 12:50:00+00:00,2023-10-27 13:47:00+00:00,1.2134,1.2144899999999998,13.629999999998692,20.0,0.0001,"[{""time"": ""2023-10-27T13:32:00+00:00"", ""price"": 1.2154, ""fraction"": 0.3, ""pips"": 20}, {""time"": ""2023-10-27T13:47:00+00:00"", ""price"": 1.2144899999999998, ""fraction"": 0.7, ""pips"": 10.899999999998133}]",38682.555079400445,52.72432257321775,2667.7624192689964,46937.4123333445,2023,2720.486741842214,2023,2667.7624192689964
usdjpy_short_h12-15_rr1.25_imb2.5_node3_ret5_sig1_sl30_tp20-40-60_frac0.3-0.3-0.3_trail15_ttl180,usdjpy,short,2023-10-27 12:53:00+00:00,2023-10-27 15:53:00+00:00,149.796,149.622,18.179999999998472,30.0,0.01,"[{""time"": ""2023-10-27T14:59:00+00:00"", ""price"": 149.596, ""fraction"": 0.3, ""pips"": 20}, {""time"": ""2023-10-27T15:53:00+00:00"", ""price"": 149.622, ""fraction"": 0.7, ""pips"": 17.399999999997817}]",38615.118491712026,46.88325675622941,2667.7624192689964,38615.118491712026,2023,2767.3699985984435,2023,2720.486741842214
gbpusd_short_h12-15_rr1.25_imb4_node3_ret5_sig1_sl25_tp25-50-75_frac0.4-0.3-0.2_trail20_ttl180,gbpusd,short,2023-10-31 13:29:00+00:00,2023-10-31 16:29:00+00:00,1.21381,1.21299,8.20000000000043,25.0,0.0001,"[{""time"": ""2023-10-31T16:29:00+00:00"", ""price"": 1.21299, ""fraction"": 1.0, ""pips"": 8.20000000000043}]",32101.491983741944,26.32322342666977,2767.3699985984435,38965.11198478581,2023,2793.6932220251133,2023,2767.3699985984435
usdjpy_short_h12-15_rr1.25_imb2.5_node3_ret5_sig1_sl30_tp20-40-60_frac0.3-0.3-0.3_trail15_ttl180,usdjpy,short,2023-11-16 15:17:00+00:00,2023-11-16 18:17:00+00:00,150.438,150.455,-1.700000000002433,30.0,0.01,"[{""time"": ""2023-11-16T18:17:00+00:00"", ""price"": 150.455, ""fraction"": 1.0, ""pips"": -1.700000000002433}]",40641.95988302658,-4.5909691948678395,2793.6932220251133,40641.95988302658,2023,2789.1022528302456,2023,2793.6932220251133
usdjpy_short_h12-15_rr1.25_imb2.5_node3_ret5_sig1_sl30_tp20-40-60_frac0.3-0.3-0.3_trail15_ttl180,usdjpy,short,2023-12-08 13:45:00+00:00,2023-12-08 13:49:00+00:00,144.143,144.07500000000002,10.759999999998854,30.0,0.01,"[{""time"": ""2023-12-08T13:49:00+00:00"", ""price"": 143.943, ""fraction"": 0.3, ""pips"": 20}, {""time"": ""2023-12-08T13:49:00+00:00"", ""price"": 144.07500000000002, ""fraction"": 0.7, ""pips"": 6.799999999998363}]",38894.807215844805,29.010382232435234,2789.1022528302456,38894.807215844805,2023,2818.112635062681,2023,2789.1022528302456
gbpusd_short_h12-15_rr1.25_imb4_node3_ret5_sig1_sl25_tp25-50-75_frac0.4-0.3-0.2_trail20_ttl180,gbpusd,short,2023-12-08 14:15:00+00:00,2023-12-08 15:00:00+00:00,1.25153,1.25403,-24.999999999999467,25.0,0.0001,"[{""time"": ""2023-12-08T15:00:00+00:00"", ""price"": 1.25403, ""fraction"": 1.0, ""pips"": -24.999999999999467}]",32690.1065667271,-81.72526641681601,2818.112635062681,40912.64907145597,2023,2736.387368645865,2023,2818.112635062681
usdjpy_short_h12-15_rr1.25_imb2.5_node3_ret5_sig1_sl30_tp20-40-60_frac0.3-0.3-0.3_trail15_ttl180,usdjpy,short,2023-12-12 13:32:00+00:00,2023-12-12 13:33:00+00:00,144.82,145.12,-30.000000000001137,30.0,0.01,"[{""time"": ""2023-12-12T13:33:00+00:00"", ""price"": 145.12, ""fraction"": 1.0, ""pips"": -30.000000000001137}]",38333.20692792126,-79.35523369073309,2736.387368645865,38333.20692792126,2023,2657.032134955132,2023,2736.387368645865
gbpusd_short_h12-15_rr1.25_imb4_node3_ret5_sig1_sl25_tp25-50-75_frac0.4-0.3-0.2_trail20_ttl180,gbpusd,short,2023-12-12 14:28:00+00:00,2023-12-12 15:04:00+00:00,1.25461,1.25348,16.780000000000452,25.0,0.0001,"[{""time"": ""2023-12-12T14:35:00+00:00"", ""price"": 1.25211, ""fraction"": 0.4, ""pips"": 25}, {""time"": ""2023-12-12T15:04:00+00:00"", ""price"": 1.25348, ""fraction"": 0.6, ""pips"": 11.300000000000754}]",30821.572765479526,51.71859910047604,2657.032134955132,38669.05340729827,2023,2708.750734055608,2023,2657.032134955132
gbpusd_long_h12-15_rr1.25_imb4_node2_ret20_sig1_sl20_tp20-40-60_frac0.3-0.3-0.3_trail15_ttl240,gbpusd,long,2024-01-05 14:29:00+00:00,2024-01-05 15:00:00+00:00,1.26936,1.27267,31.239999999999696,20.0,0.0001,"[{""time"": ""2024-01-05T15:00:00+00:00"", ""price"": 1.27136, ""fraction"": 0.3, ""pips"": 20}, {""time"": ""2024-01-05T15:00:00+00:00"", ""price"": 1.27336, ""fraction"": 0.3, ""pips"": 40}, {""time"": ""2024-01-05T15:00:00+00:00"", ""price"": 1.27267, ""fraction"": 0.39999999999999997, ""pips"": 33.09999999999924}]",39276.885643806316,122.70099075124973,2708.750734055608,49856.507560821985,2024,2831.451724806858,2024,2708.750734055608
gbpjpy_short_h12-15_rr1.25_imb3.5_node3_ret10_sig1.05_sl30_tp25-50-75_frac0.4-0.3-0.2_trail20_ttl240,gbpjpy,short,2024-01-11 14:51:00+00:00,2024-01-11 15:43:00+00:00,185.58,185.523,13.420000000000982,30.0,0.01,"[{""time"": ""2024-01-11T15:31:00+00:00"", ""price"": 185.33, ""fraction"": 0.4, ""pips"": 25}, {""time"": ""2024-01-11T15:43:00+00:00"", ""price"": 185.523, ""fraction"": 0.6, ""pips"": 5.700000000001637}]",39938.230621435345,36.73147940868044,2831.451724806858,50798.034600862935,2024,2868.1832042155384,2024,2831.451724806858
gbpusd_long_h12-15_rr1.25_imb4_node2_ret20_sig1_sl20_tp20-40-60_frac0.3-0.3-0.3_trail15_ttl240,gbpusd,long,2024-01-12 13:33:00+00:00,2024-01-12 15:00:00+00:00,1.27561,1.27658,12.790000000000962,20.0,0.0001,"[{""time"": ""2024-01-12T14:37:00+00:00"", ""price"": 1.27761, ""fraction"": 0.3, ""pips"": 20}, {""time"": ""2024-01-12T15:00:00+00:00"", ""price"": 1.27658, ""fraction"": 0.7, ""pips"": 9.700000000001374}]",41588.656461125305,53.19189161378327,2868.1832042155384,53050.90606837605,2024,2921.3750958293217,2024,2868.1832042155384
usdjpy_short_h12-15_rr1.25_imb2.5_node3_ret5_sig1_sl30_tp20-40-60_frac0.3-0.3-0.3_trail15_ttl180,usdjpy,short,2024-01-29 14:11:00+00:00,2024-01-29 17:11:00+00:00,147.904,147.679,21.749999999999602,30.0,0.01,"[{""time"": ""2024-01-29T15:53:00+00:00"", ""price"": 147.704, ""fraction"": 0.3, ""pips"": 20}, {""time"": ""2024-01-29T17:11:00+00:00"", ""price"": 147.679, ""fraction"": 0.7, ""pips"": 22.49999999999943}]",41774.94813346081,61.421911389810354,2921.3750958293217,41774.94813346081,2024,2982.797007219132,2024,2921.3750958293217
gbpusd_long_h12-15_rr1.25_imb4_node2_ret20_sig1_sl20_tp20-40-60_frac0.3-0.3-0.3_trail15_ttl240,gbpusd,long,2024-01-31 14:34:00+00:00,2024-01-31 15:22:00+00:00,1.27243,1.27349,13.420000000000424,20.0,0.0001,"[{""time"": ""2024-01-31T15:02:00+00:00"", ""price"": 1.27443, ""fraction"": 0.3, ""pips"": 20}, {""time"": ""2024-01-31T15:22:00+00:00"", ""price"": 1.27349, ""fraction"": 0.7, ""pips"": 10.600000000000609}]",43250.55660467741,58.04224696347893,2982.797007219132,55033.305740489675,2024,3040.839254182611,2024,2982.797007219132
gbpusd_short_h12-15_rr1.25_imb4_node3_ret5_sig1_sl25_tp25-50-75_frac0.4-0.3-0.2_trail20_ttl180,gbpusd,short,2024-02-16 13:31:00+00:00,2024-02-16 15:19:00+00:00,1.25593,1.25843,-24.999999999999467,25.0,0.0001,"[{""time"": ""2024-02-16T15:19:00+00:00"", ""price"": 1.25843, ""fraction"": 1.0, ""pips"": -24.999999999999467}]",35273.73534851828,-88.18433837129383,3040.839254182611,44301.34243626457,2024,2952.654915811317,2024,3040.839254182611
usdjpy_short_h12-15_rr1.25_imb2.5_node3_ret5_sig1_sl30_tp20-40-60_frac0.3-0.3-0.3_trail15_ttl180,usdjpy,short,2024-02-20 14:22:00+00:00,2024-02-20 17:22:00+00:00,149.872,149.942,-6.999999999999318,30.0,0.01,"[{""time"": ""2024-02-20T17:22:00+00:00"", ""price"": 149.942, ""fraction"": 1.0, ""pips"": -6.999999999999318}]",42772.25261118174,-19.979631596987964,2952.654915811317,42772.25261118174,2024,2932.675284214329,2024,2952.654915811317
usdjpy_short_h12-15_rr1.25_imb2.5_node3_ret5_sig1_sl30_tp20-40-60_frac0.3-0.3-0.3_trail15_ttl180,usdjpy,short,2024-02-29 15:02:00+00:00,2024-02-29 15:55:00+00:00,149.334,149.63400000000001,-30.000000000001137,30.0,0.01,"[{""time"": ""2024-02-29T15:55:00+00:00"", ""price"": 149.63400000000001, ""fraction"": 1.0, ""pips"": -30.000000000001137}]",42338.671381583874,-85.04758324221876,2932.675284214329,42338.671381583874,2024,2847.6277009721102,2024,2932.675284214329
usdjpy_short_h12-15_rr1.25_imb2.5_node3_ret5_sig1_sl30_tp20-40-60_frac0.3-0.3-0.3_trail15_ttl180,usdjpy,short,2024-03-01 15:06:00+00:00,2024-03-01 15:38:00+00:00,150.33,150.264,10.620000000000175,30.0,0.01,"[{""time"": ""2024-03-01T15:28:00+00:00"", ""price"": 150.13000000000002, ""fraction"": 0.3, ""pips"": 20}, {""time"": ""2024-03-01T15:38:00+00:00"", ""price"": 150.264, ""fraction"": 0.7, ""pips"": 6.60000000000025}]",41392.17654418927,29.233745978180163,2847.6277009721102,41392.17654418927,2024,2876.8614469502904,2024,2847.6277009721102
usdjpy_short_h12-15_rr1.25_imb2.5_node3_ret5_sig1_sl30_tp20-40-60_frac0.3-0.3-0.3_trail15_ttl180,usdjpy,short,2024-03-06 14:01:00+00:00,2024-03-06 17:01:00+00:00,149.357,149.145,20.839999999999236,30.0,0.01,"[{""time"": ""2024-03-06T16:55:00+00:00"", ""price"": 149.157, ""fraction"": 0.3, ""pips"": 20}, {""time"": ""2024-03-06T17:01:00+00:00"", ""price"": 149.145, ""fraction"": 0.7, ""pips"": 21.19999999999891}]",41526.63672306244,57.955332802627126,2876.8614469502904,41526.63672306244,2024,2934.8167797529177,2024,2876.8614469502904
gbpusd_long_h12-15_rr1.25_imb4_node2_ret20_sig1_sl20_tp20-40-60_frac0.3-0.3-0.3_trail15_ttl240,gbpusd,long,2024-04-03 14:44:00+00:00,2024-04-03 18:44:00+00:00,1.26205,1.26519,27.980000000001,20.0,0.0001,"[{""time"": ""2024-04-03T16:22:00+00:00"", ""price"": 1.26405, ""fraction"": 0.3, ""pips"": 20}, {""time"": ""2024-04-03T18:44:00+00:00"", ""price"": 1.26519, ""fraction"": 0.7, ""pips"": 31.400000000001427}]",42554.8433064173,119.06845157135986,2934.8167797529177,53706.33999486395,2024,3053.8852313242774,2024,2934.8167797529177
gbpusd_short_h12-15_rr1.25_imb4_node3_ret5_sig1_sl25_tp25-50-75_frac0.4-0.3-0.2_trail20_ttl180,gbpusd,short,2024-04-10 13:48:00+00:00,2024-04-10 16:48:00+00:00,1.25705,1.2527,36.100000000000456,25.0,0.0001,"[{""time"": ""2024-04-10T15:41:00+00:00"", ""price"": 1.25455, ""fraction"": 0.4, ""pips"": 25}, {""time"": ""2024-04-10T16:48:00+00:00"", ""price"": 1.2527, ""fraction"": 0.6, ""pips"": 43.50000000000076}]",35425.06868336161,127.88449794693705,3053.8852313242774,44531.08258841972,2024,3181.7697292712146,2024,3053.8852313242774
gbpjpy_short_h12-15_rr1.25_imb3.5_node3_ret10_sig1.05_sl30_tp25-50-75_frac0.4-0.3-0.2_trail20_ttl240,gbpjpy,short,2024-04-12 13:09:00+00:00,2024-04-12 13:15:00+00:00,190.084,190.38400000000001,-30.000000000001137,30.0,0.01,"[{""time"": ""2024-04-12T13:15:00+00:00"", ""price"": 190.38400000000001, ""fraction"": 1.0, ""pips"": -30.000000000001137}]",46949.34035024868,-92.27132214886872,3181.7697292712146,58456.15417669113,2024,3089.4984071223457,2024,3181.7697292712146
gbpusd_short_h12-15_rr1.25_imb4_node3_ret5_sig1_sl25_tp25-50-75_frac0.4-0.3-0.2_trail20_ttl180,gbpusd,short,2024-04-18 12:34:00+00:00,2024-04-18 15:34:00+00:00,1.24499,1.24619,-11.999999999998678,25.0,0.0001,"[{""time"": ""2024-04-18T15:34:00+00:00"", ""price"": 1.24619, ""fraction"": 1.0, ""pips"": -11.999999999998678}]",35838.181522619205,-43.00581782713831,3089.4984071223457,44618.177613845684,2024,3046.4925892952074,2024,3089.4984071223457
gbpjpy_short_h12-15_rr1.25_imb3.5_node3_ret10_sig1.05_sl30_tp25-50-75_frac0.4-0.3-0.2_trail20_ttl240,gbpjpy,short,2024-04-19 14:40:00+00:00,2024-04-19 16:50:00+00:00,192.298,191.49499999999998,48.03000000000026,30.0,0.01,"[{""time"": ""2024-04-19T15:11:00+00:00"", ""price"": 192.048, ""fraction"": 0.4, ""pips"": 25}, {""time"": ""2024-04-19T15:21:00+00:00"", ""price"": 191.798, ""fraction"": 0.3, ""pips"": 50}, {""time"": ""2024-04-19T16:11:00+00:00"", ""price"": 191.548, ""fraction"": 0.2, ""pips"": 75}, {""time"": ""2024-04-19T16:50:00+00:00"", ""price"": 191.49499999999998, ""fraction"": 0.09999999999999998, ""pips"": 80.30000000000257}]",45516.594736716375,141.44560442838792,3046.4925892952074,56627.87826086989,2024,3187.9381937235953,2024,3046.4925892952074
gbpusd_short_h12-15_rr1.25_imb4_node3_ret5_sig1_sl25_tp25-50-75_frac0.4-0.3-0.2_trail20_ttl180,gbpusd,short,2024-04-19 14:20:00+00:00,2024-04-19 17:00:00+00:00,1.24462,1.23936,40.78000000000013,25.0,0.0001,"[{""time"": ""2024-04-19T15:13:00+00:00"", ""price"": 1.2421200000000001, ""fraction"": 0.4, ""pips"": 25}, {""time"": ""2024-04-19T16:04:00+00:00"", ""price"": 1.2396200000000002, ""fraction"": 0.3, ""pips"": 50}, {""time"": ""2024-04-19T17:00:00+00:00"", ""price"": 1.23936, ""fraction"": 0.3, ""pips"": 52.60000000000042}]",35339.3140358244,144.11372263809236,3046.4925892952074,43984.01703526777,2024,3332.0519163616877,2024,3187.9381937235953
usdjpy_short_h12-15_rr1.25_imb2.5_node3_ret5_sig1_sl30_tp20-40-60_frac0.3-0.3-0.3_trail15_ttl180,usdjpy,short,2024-06-05 13:56:00+00:00,2024-06-05 14:00:00+00:00,155.809,156.109,-30.000000000001137,30.0,0.01,"[{""time"": ""2024-06-05T14:00:00+00:00"", ""price"": 156.109, ""fraction"": 1.0, ""pips"": -30.000000000001137}]",50164.724671468044,-96.62950557449258,3332.0519163616877,50164.724671468044,2024,3235.422410787195,2024,3332.0519163616877
gbpusd_short_h12-15_rr1.25_imb4_node3_ret5_sig1_sl25_tp25-50-75_frac0.4-0.3-0.2_trail20_ttl180,gbpusd,short,2024-06-05 14:55:00+00:00,2024-06-05 17:55:00+00:00,1.27593,1.27814,-22.100000000000453,25.0,0.0001,"[{""time"": ""2024-06-05T17:55:00+00:00"", ""price"": 1.27814, ""fraction"": 1.0, ""pips"": -22.100000000000453}]",37530.89996513146,-82.94328892294222,3235.422410787195,47886.80119251018,2024,3152.4791218642526,2024,3235.422410787195
gbpusd_short_h12-15_rr1.25_imb4_node3_ret5_sig1_sl25_tp25-50-75_frac0.4-0.3-0.2_trail20_ttl180,gbpusd,short,2024-06-13 13:46:00+00:00,2024-06-13 16:46:00+00:00,1.2778,1.27415,31.900000000000915,25.0,0.0001,"[{""time"": ""2024-06-13T15:18:00+00:00"", ""price"": 1.2753, ""fraction"": 0.4, ""pips"": 25}, {""time"": ""2024-06-13T16:46:00+00:00"", ""price"": 1.27415, ""fraction"": 0.6, ""pips"": 36.50000000000153}]",36568.75781362533,116.65433742546814,3152.4791218642526,46727.558734250444,2024,3269.1334592897206,2024,3152.4791218642526
usdjpy_short_h12-15_rr1.25_imb2.5_node3_ret5_sig1_sl30_tp20-40-60_frac0.3-0.3-0.3_trail15_ttl180,usdjpy,short,2024-07-03 14:12:00+00:00,2024-07-03 14:14:00+00:00,161.029,160.93,12.929999999999268,30.0,0.01,"[{""time"": ""2024-07-03T14:13:00+00:00"", ""price"": 160.829, ""fraction"": 0.3, ""pips"": 20}, {""time"": ""2024-07-03T14:14:00+00:00"", ""price"": 160.93, ""fraction"": 0.7, ""pips"": 9.899999999998954}]",50840.533781834056,40.860899107659904,3269.1334592897206,50840.533781834056,2024,3309.9943583973804,2024,3269.1334592897206
gbpusd_short_h12-15_rr1.25_imb4_node3_ret5_sig1_sl25_tp25-50-75_frac0.4-0.3-0.2_trail20_ttl180,gbpusd,short,2024-07-18 14:03:00+00:00,2024-07-18 17:03:00+00:00,1.29716,1.29708,0.8000000000008001,25.0,0.0001,"[{""time"": ""2024-07-18T17:03:00+00:00"", ""price"": 1.29708, ""fraction"": 1.0, ""pips"": 0.8000000000008001}]",38395.93455740961,3.0716747645958407,3309.9943583973804,49805.67047048945,2024,3313.066033161976,2024,3309.9943583973804
usdjpy_short_h12-15_rr1.25_imb2.5_node3_ret5_sig1_sl30_tp20-40-60_frac0.3-0.3-0.3_trail15_ttl180,usdjpy,short,2024-07-26 13:44:00+00:00,2024-07-26 14:03:00+00:00,153.75,154.05,-30.000000000001137,30.0,0.01,"[{""time"": ""2024-07-26T14:03:00+00:00"", ""price"": 154.05, ""fraction"": 1.0, ""pips"": -30.000000000001137}]",49248.290362591724,-96.07891496170093,3313.066033161976,49248.290362591724,2024,3216.9871182002753,2024,3313.066033161976
usdjpy_short_h12-15_rr1.25_imb2.5_node3_ret5_sig1_sl30_tp20-40-60_frac0.3-0.3-0.3_trail15_ttl180,usdjpy,short,2024-07-30 15:41:00+00:00,2024-07-30 16:16:00+00:00,153.849,153.728,14.469999999998663,30.0,0.01,"[{""time"": ""2024-07-30T16:16:00+00:00"", ""price"": 153.649, ""fraction"": 0.3, ""pips"": 20}, {""time"": ""2024-07-30T16:16:00+00:00"", ""price"": 153.728, ""fraction"": 0.7, ""pips"": 12.09999999999809}]",47841.54724615492,44.99814348034189,3216.9871182002753,47841.54724615492,2024,3261.985261680617,2024,3216.9871182002753
usdjpy_short_h12-15_rr1.25_imb2.5_node3_ret5_sig1_sl30_tp20-40-60_frac0.3-0.3-0.3_trail15_ttl180,usdjpy,short,2024-08-14 13:41:00+00:00,2024-08-14 14:15:00+00:00,147.096,146.911,18.95000000000016,30.0,0.01,"[{""time"": ""2024-08-14T14:01:00+00:00"", ""price"": 146.89600000000002, ""fraction"": 0.3, ""pips"": 20}, {""time"": ""2024-08-14T14:15:00+00:00"", ""price"": 146.911, ""fraction"": 0.7, ""pips"": 18.500000000000227}]",46380.71685239525,59.75413335188661,3261.985261680617,46380.71685239525,2024,3321.7393950325036,2024,3261.985261680617
gbpusd_short_h12-15_rr1.25_imb4_node3_ret5_sig1_sl25_tp25-50-75_frac0.4-0.3-0.2_trail20_ttl180,gbpusd,short,2024-08-15 12:32:00+00:00,2024-08-15 13:21:00+00:00,1.28376,1.28195,20.860000000000536,25.0,0.0001,"[{""time"": ""2024-08-15T12:42:00+00:00"", ""price"": 1.28126, ""fraction"": 0.4, ""pips"": 25}, {""time"": ""2024-08-15T13:21:00+00:00"", ""price"": 1.28195, ""fraction"": 0.6, ""pips"": 18.100000000000893}]",38532.17698237704,80.37812118524056,3321.7393950325036,49466.067522896345,2024,3402.117516217744,2024,3321.7393950325036
gbpjpy_short_h12-15_rr1.25_imb3.5_node3_ret10_sig1.05_sl30_tp25-50-75_frac0.4-0.3-0.2_trail20_ttl240,gbpjpy,short,2024-10-10 13:43:00+00:00,2024-10-10 14:12:00+00:00,193.943,193.88,13.780000000000996,30.0,0.01,"[{""time"": ""2024-10-10T14:09:00+00:00"", ""price"": 193.693, ""fraction"": 0.4, ""pips"": 25}, {""time"": ""2024-10-10T14:12:00+00:00"", ""price"": 193.88, ""fraction"": 0.6, ""pips"": 6.30000000000166}]",48863.213347057936,45.31847339436777,3402.117516217744,63767.226366110815,2024,3447.435989612112,2024,3402.117516217744
usdjpy_short_h12-15_rr1.25_imb2.5_node3_ret5_sig1_sl30_tp20-40-60_frac0.3-0.3-0.3_trail15_ttl180,usdjpy,short,2024-11-07 14:39:00+00:00,2024-11-07 14:58:00+00:00,153.312,153.244,10.760000000000844,30.0,0.01,"[{""time"": ""2024-11-07T14:54:00+00:00"", ""price"": 153.11200000000002, ""fraction"": 0.3, ""pips"": 20}, {""time"": ""2024-11-07T14:58:00+00:00"", ""price"": 153.244, ""fraction"": 0.7, ""pips"": 6.800000000001205}]",51081.388765367126,35.857930873288254,3447.435989612112,51081.388765367126,2024,3483.2939204854,2024,3447.435989612112
usdjpy_short_h12-15_rr1.25_imb2.5_node3_ret5_sig1_sl30_tp20-40-60_frac0.3-0.3-0.3_trail15_ttl180,usdjpy,short,2025-01-10 15:18:00+00:00,2025-01-10 15:52:00+00:00,157.429,157.729,-30.000000000001137,30.0,0.01,"[{""time"": ""2025-01-10T15:52:00+00:00"", ""price"": 157.729, ""fraction"": 1.0, ""pips"": -30.000000000001137}]",53014.79878591913,-101.01552369408043,3483.2939204854,53014.79878591913,2025,3382.2783967913197,2025,3483.2939204854
gbpusd_long_h12-15_rr1.25_imb4_node2_ret20_sig1_sl20_tp20-40-60_frac0.3-0.3-0.3_trail15_ttl240,gbpusd,long,2025-01-17 15:05:00+00:00,2025-01-17 15:42:00+00:00,1.22099,1.21899,-20.000000000000018,20.0,0.0001,"[{""time"": ""2025-01-17T15:42:00+00:00"", ""price"": 1.21899, ""fraction"": 1.0, ""pips"": -20.000000000000018}]",49043.03675347413,-98.08607350694835,3382.2783967913197,59881.05744562438,2025,3284.1923232843715,2025,3382.2783967913197
usdjpy_short_h12-15_rr1.25_imb2.5_node3_ret5_sig1_sl30_tp20-40-60_frac0.3-0.3-0.3_trail15_ttl180,usdjpy,short,2025-02-14 13:33:00+00:00,2025-02-14 16:33:00+00:00,152.218,152.111,10.699999999999932,30.0,0.01,"[{""time"": ""2025-02-14T16:33:00+00:00"", ""price"": 152.111, ""fraction"": 1.0, ""pips"": 10.699999999999932}]",48323.98900057729,33.969495930504465,3284.1923232843715,48323.98900057729,2025,3318.161819214876,2025,3284.1923232843715
gbpjpy_short_h12-15_rr1.25_imb3.5_node3_ret10_sig1.05_sl30_tp25-50-75_frac0.4-0.3-0.2_trail20_ttl240,gbpjpy,short,2025-03-14 14:21:00+00:00,2025-03-14 16:38:00+00:00,192.02,191.68099999999998,35.17000000000081,30.0,0.01,"[{""time"": ""2025-03-14T15:47:00+00:00"", ""price"": 191.77, ""fraction"": 0.4, ""pips"": 25}, {""time"": ""2025-03-14T16:31:00+00:00"", ""price"": 191.52, ""fraction"": 0.3, ""pips"": 50}, {""time"": ""2025-03-14T16:38:00+00:00"", ""price"": 191.68099999999998, ""fraction"": 0.3, ""pips"": 33.900000000002706}]",47619.54306694983,112.8097594757302,3318.161819214876,61605.87906114366,2025,3430.971578690606,2025,3318.161819214876
usdjpy_short_h12-15_rr1.25_imb2.5_node3_ret5_sig1_sl30_tp20-40-60_frac0.3-0.3-0.3_trail15_ttl180,usdjpy,short,2025-03-18 14:01:00+00:00,2025-03-18 17:01:00+00:00,149.543,149.401,15.939999999999714,30.0,0.01,"[{""time"": ""2025-03-18T16:48:00+00:00"", ""price"": 149.34300000000002, ""fraction"": 0.3, ""pips"": 20}, {""time"": ""2025-03-18T17:01:00+00:00"", ""price"": 149.401, ""fraction"": 0.7, ""pips"": 14.19999999999959}]",49600.00645763371,52.86669739884969,3430.971578690606,49600.00645763371,2025,3483.8382760894556,2025,3430.971578690606
usdjpy_short_h12-15_rr1.25_imb2.5_node3_ret5_sig1_sl30_tp20-40-60_frac0.3-0.3-0.3_trail15_ttl180,usdjpy,short,2025-03-28 14:03:00+00:00,2025-03-28 14:38:00+00:00,150.321,150.066,28.199999999999818,30.0,0.01,"[{""time"": ""2025-03-28T14:12:00+00:00"", ""price"": 150.121, ""fraction"": 0.3, ""pips"": 20}, {""time"": ""2025-03-28T14:35:00+00:00"", ""price"": 149.921, ""fraction"": 0.3, ""pips"": 40}, {""time"": ""2025-03-28T14:38:00+00:00"", ""price"": 150.066, ""fraction"": 0.39999999999999997, ""pips"": 25.499999999999545}]",50606.24641126968,94.96943140619794,3483.8382760894556,50606.24641126968,2025,3578.8077074956536,2025,3483.8382760894556
gbpjpy_short_h12-15_rr1.25_imb3.5_node3_ret10_sig1.05_sl30_tp25-50-75_frac0.4-0.3-0.2_trail20_ttl240,gbpjpy,short,2025-03-28 14:37:00+00:00,2025-03-28 14:44:00+00:00,194.237,194.537,-30.000000000001137,30.0,0.01,"[{""time"": ""2025-03-28T14:44:00+00:00"", ""price"": 194.537, ""fraction"": 1.0, ""pips"": -30.000000000001137}]",50507.74088401325,-101.03131000659803,3483.8382760894556,65429.49531208169,2025,3477.7763974890554,2025,3578.8077074956536
usdjpy_short_h12-15_rr1.25_imb2.5_node3_ret5_sig1_sl30_tp20-40-60_frac0.3-0.3-0.3_trail15_ttl180,usdjpy,short,2025-04-28 14:33:00+00:00,2025-04-28 14:51:00+00:00,142.856,142.757,12.929999999999268,30.0,0.01,"[{""time"": ""2025-04-28T14:41:00+00:00"", ""price"": 142.656, ""fraction"": 0.3, ""pips"": 20}, {""time"": ""2025-04-28T14:51:00+00:00"", ""price"": 142.757, ""fraction"": 0.7, ""pips"": 9.899999999998954}]",48029.41360435491,43.468727192213244,3477.7763974890554,48029.41360435491,2025,3521.245124681269,2025,3477.7763974890554
gbpusd_short_h12-15_rr1.25_imb4_node3_ret5_sig1_sl25_tp25-50-75_frac0.4-0.3-0.2_trail20_ttl180,gbpusd,short,2025-06-17 13:00:00+00:00,2025-06-17 15:01:00+00:00,1.35469,1.35165,34.11999999999979,25.0,0.0001,"[{""time"": ""2025-06-17T14:23:00+00:00"", ""price"": 1.35219, ""fraction"": 0.4, ""pips"": 25}, {""time"": ""2025-06-17T14:42:00+00:00"", ""price"": 1.34969, ""fraction"": 0.3, ""pips"": 50}, {""time"": ""2025-06-17T15:01:00+00:00"", ""price"": 1.35165, ""fraction"": 0.3, ""pips"": 30.399999999999316}]",40846.443446302714,139.368065038784,3521.245124681269,55334.26847227182,2025,3660.613189720053,2025,3521.245124681269
gbpusd_short_h12-15_rr1.25_imb4_node3_ret5_sig1_sl25_tp25-50-75_frac0.4-0.3-0.2_trail20_ttl180,gbpusd,short,2025-07-10 13:31:00+00:00,2025-07-10 16:31:00+00:00,1.35514,1.35654,-14.000000000000679,25.0,0.0001,"[{""time"": ""2025-07-10T16:31:00+00:00"", ""price"": 1.35654, ""fraction"": 1.0, ""pips"": -14.000000000000679}]",42463.11300075261,-59.448358201056536,3660.613189720053,57543.46295183989,2025,3601.1648315189964,2025,3660.613189720053
usdjpy_short_h12-15_rr1.25_imb2.5_node3_ret5_sig1_sl30_tp20-40-60_frac0.3-0.3-0.3_trail15_ttl180,usdjpy,short,2025-07-18 13:57:00+00:00,2025-07-18 16:05:00+00:00,148.296,148.596,-30.000000000001137,30.0,0.01,"[{""time"": ""2025-07-18T16:05:00+00:00"", ""price"": 148.596, ""fraction"": 1.0, ""pips"": -30.000000000001137}]",51623.18401707706,-104.43378011405483,3601.1648315189964,51623.18401707706,2025,3496.7310514049414,2025,3601.1648315189964
usdjpy_short_h12-15_rr1.25_imb2.5_node3_ret5_sig1_sl30_tp20-40-60_frac0.3-0.3-0.3_trail15_ttl180,usdjpy,short,2025-07-22 13:48:00+00:00,2025-07-22 15:00:00+00:00,146.649,146.483,17.619999999999777,30.0,0.01,"[{""time"": ""2025-07-22T14:48:00+00:00"", ""price"": 146.449, ""fraction"": 0.3, ""pips"": 20}, {""time"": ""2025-07-22T15:00:00+00:00"", ""price"": 146.483, ""fraction"": 0.7, ""pips"": 16.59999999999968}]",49574.29838124465,59.55865442156247,3496.7310514049414,49574.29838124465,2025,3556.289705826504,2025,3496.7310514049414
gbpjpy_short_h12-15_rr1.25_imb3.5_node3_ret10_sig1.05_sl30_tp25-50-75_frac0.4-0.3-0.2_trail20_ttl240,gbpjpy,short,2025-07-24 13:52:00+00:00,2025-07-24 14:57:00+00:00,198.459,198.75900000000001,-30.000000000001137,30.0,0.01,"[{""time"": ""2025-07-24T14:57:00+00:00"", ""price"": 198.75900000000001, ""fraction"": 1.0, ""pips"": -30.000000000001137}]",50375.193384853505,-103.13240146897252,3556.289705826504,68243.27447846104,2025,3453.1573043575313,2025,3556.289705826504
gbpusd_short_h12-15_rr1.25_imb4_node3_ret5_sig1_sl25_tp25-50-75_frac0.4-0.3-0.2_trail20_ttl180,gbpusd,short,2025-07-25 13:41:00+00:00,2025-07-25 16:41:00+00:00,1.34209,1.34189,1.9999999999997797,25.0,0.0001,"[{""time"": ""2025-07-25T16:41:00+00:00"", ""price"": 1.34189, ""fraction"": 1.0, ""pips"": 1.9999999999997797}]",40056.62473054736,8.011324946108589,3453.1573043575313,53759.5954846203,2025,3461.16862930364,2025,3453.1573043575313
usdjpy_short_h12-15_rr1.25_imb2.5_node3_ret5_sig1_sl30_tp20-40-60_frac0.3-0.3-0.3_trail15_ttl180,usdjpy,short,2025-08-01 13:07:00+00:00,2025-08-01 13:37:00+00:00,148.341,148.143,19.860000000000525,30.0,0.01,"[{""time"": ""2025-08-01T13:30:00+00:00"", ""price"": 148.14100000000002, ""fraction"": 0.3, ""pips"": 20}, {""time"": ""2025-08-01T13:37:00+00:00"", ""price"": 148.143, ""fraction"": 0.7, ""pips"": 19.80000000000075}]",49639.57284340717,66.44751534537303,3461.16862930364,49639.57284340717,2025,3527.616144649013,2025,3461.16862930364
gbpusd_short_h12-15_rr1.25_imb4_node3_ret5_sig1_sl25_tp25-50-75_frac0.4-0.3-0.2_trail20_ttl180,gbpusd,short,2025-08-19 13:14:00+00:00,2025-08-19 16:14:00+00:00,1.34953,1.34899,5.399999999999849,25.0,0.0001,"[{""time"": ""2025-08-19T16:14:00+00:00"", ""price"": 1.34899, ""fraction"": 1.0, ""pips"": 5.399999999999849}]",40920.34727792855,22.096987530080803,3527.616144649013,55223.236261982915,2025,3549.713132179094,2025,3527.616144649013
gbpusd_short_h12-15_rr1.25_imb4_node3_ret5_sig1_sl25_tp25-50-75_frac0.4-0.3-0.2_trail20_ttl180,gbpusd,short,2025-08-21 13:42:00+00:00,2025-08-21 15:29:00+00:00,1.34463,1.34309,19.24000000000058,25.0,0.0001,"[{""time"": ""2025-08-21T15:06:00+00:00"", ""price"": 1.34213, ""fraction"": 0.4, ""pips"": 25}, {""time"": ""2025-08-21T15:29:00+00:00"", ""price"": 1.34309, ""fraction"": 0.6, ""pips"": 15.400000000000968}]",41176.672333277485,79.22391756922828,3549.713132179094,55367.38891949491,2025,3628.9370497483224,2025,3549.713132179094
usdjpy_short_h12-15_rr1.25_imb2.5_node3_ret5_sig1_sl30_tp20-40-60_frac0.3-0.3-0.3_trail15_ttl180,usdjpy,short,2025-08-22 15:03:00+00:00,2025-08-22 15:33:00+00:00,146.793,146.73000000000002,10.409999999999172,30.0,0.01,"[{""time"": ""2025-08-22T15:26:00+00:00"", ""price"": 146.59300000000002, ""fraction"": 0.3, ""pips"": 20}, {""time"": ""2025-08-22T15:33:00+00:00"", ""price"": 146.73000000000002, ""fraction"": 0.7, ""pips"": 6.299999999998818}]",51486.687508474984,36.51799353161446,3628.9370497483224,51486.687508474984,2025,3665.455043279937,2025,3628.9370497483224
usdjpy_short_h12-15_rr1.25_imb2.5_node3_ret5_sig1_sl30_tp20-40-60_frac0.3-0.3-0.3_trail15_ttl180,usdjpy,short,2025-08-26 14:25:00+00:00,2025-08-26 16:46:00+00:00,147.551,147.256,29.7999999999995,30.0,0.01,"[{""time"": ""2025-08-26T15:35:00+00:00"", ""price"": 147.351, ""fraction"": 0.3, ""pips"": 20}, {""time"": ""2025-08-26T16:22:00+00:00"", ""price"": 147.15099999999998, ""fraction"": 0.3, ""pips"": 40}, {""time"": ""2025-08-26T16:46:00+00:00"", ""price"": 147.256, ""fraction"": 0.39999999999999997, ""pips"": 29.49999999999875}]",52286.842592269655,105.5895416134156,3665.455043279937,52286.842592269655,2025,3771.0445848933527,2025,3665.455043279937
gbpusd_short_h12-15_rr1.25_imb4_node3_ret5_sig1_sl25_tp25-50-75_frac0.4-0.3-0.2_trail20_ttl180,gbpusd,short,2025-09-24 13:16:00+00:00,2025-09-24 16:16:00+00:00,1.34337,1.34443,-10.600000000000609,25.0,0.0001,"[{""time"": ""2025-09-24T16:16:00+00:00"", ""price"": 1.34443, ""fraction"": 1.0, ""pips"": -10.600000000000609}]",43744.11718476289,-46.36876421585132,3771.0445848933527,58764.534702494915,2025,3724.6758206775016,2025,3771.0445848933527
gbpusd_long_h12-15_rr1.25_imb4_node2_ret20_sig1_sl20_tp20-40-60_frac0.3-0.3-0.3_trail15_ttl240,gbpusd,long,2025-09-26 13:04:00+00:00,2025-09-26 16:14:00+00:00,1.33854,1.3397299999999999,14.329999999998616,20.0,0.0001,"[{""time"": ""2025-09-26T14:52:00+00:00"", ""price"": 1.34054, ""fraction"": 0.3, ""pips"": 20}, {""time"": ""2025-09-26T16:14:00+00:00"", ""price"": 1.3397299999999999, ""fraction"": 0.7, ""pips"": 11.899999999998023}]",54007.799399823765,77.39317653993999,3724.6758206775016,72291.59980864011,2025,3802.0689972174414,2025,3724.675820677501
gbpusd_long_h12-15_rr1.25_imb4_node2_ret20_sig1_sl20_tp20-40-60_frac0.3-0.3-0.3_trail15_ttl240,gbpusd,long,2025-10-10 15:09:00+00:00,2025-10-10 15:09:00+00:00,1.3349,1.3354899999999998,10.129999999999079,20.0,0.0001,"[{""time"": ""2025-10-10T15:09:00+00:00"", ""price"": 1.3369, ""fraction"": 0.3, ""pips"": 20}, {""time"": ""2025-10-10T15:09:00+00:00"", ""price"": 1.3354899999999998, ""fraction"": 0.7, ""pips"": 5.899999999998684}]",55130.000459652896,55.846690465623304,3802.0689972174414,73593.03761359066,2025,3857.915687683065,2025,3802.0689972174414
gbpusd_long_h12-15_rr1.25_imb4_node2_ret20_sig1_sl20_tp20-40-60_frac0.3-0.3-0.3_trail15_ttl240,gbpusd,long,2025-10-22 13:40:00+00:00,2025-10-22 17:40:00+00:00,1.33436,1.33653,21.190000000000033,20.0,0.0001,"[{""time"": ""2025-10-22T15:03:00+00:00"", ""price"": 1.33636, ""fraction"": 0.3, ""pips"": 20}, {""time"": ""2025-10-22T17:40:00+00:00"", ""price"": 1.33653, ""fraction"": 0.7, ""pips"": 21.700000000000053}]",55939.777471404435,118.53638846190618,3857.915687683065,74643.80146674323,2025,3976.4520761449708,2025,3857.915687683065
usdjpy_short_h12-15_rr1.25_imb2.5_node3_ret5_sig1_sl30_tp20-40-60_frac0.3-0.3-0.3_trail15_ttl180,usdjpy,short,2025-11-14 12:39:00+00:00,2025-11-14 13:01:00+00:00,154.134,153.89000000000001,23.079999999997995,30.0,0.01,"[{""time"": ""2025-11-14T12:57:00+00:00"", ""price"": 153.934, ""fraction"": 0.3, ""pips"": 20}, {""time"": ""2025-11-14T13:01:00+00:00"", ""price"": 153.89000000000001, ""fraction"": 0.7, ""pips"": 24.399999999997135}]",59239.168294689196,88.71729678683735,3976.4520761449708,59239.168294689196,2025,4065.169372931808,2025,3976.4520761449708
usdjpy_short_h12-15_rr1.25_imb2.5_node3_ret5_sig1_sl30_tp20-40-60_frac0.3-0.3-0.3_trail15_ttl180,usdjpy,short,2025-12-10 14:11:00+00:00,2025-12-10 17:11:00+00:00,156.52,156.361,15.900000000002024,30.0,0.01,"[{""time"": ""2025-12-10T17:11:00+00:00"", ""price"": 156.361, ""fraction"": 1.0, ""pips"": 15.900000000002024}]",61504.73885938807,62.48165326196984,4065.169372931808,61504.73885938807,2025,4127.651026193778,2025,4065.1693729318085
usdjpy_short_h12-15_rr1.25_imb2.5_node3_ret5_sig1_sl30_tp20-40-60_frac0.3-0.3-0.3_trail15_ttl180,usdjpy,short,2025-12-11 13:31:00+00:00,2025-12-11 15:02:00+00:00,155.431,155.103,31.12000000000012,30.0,0.01,"[{""time"": ""2025-12-11T14:01:00+00:00"", ""price"": 155.23100000000002, ""fraction"": 0.3, ""pips"": 20}, {""time"": ""2025-12-11T14:38:00+00:00"", ""price"": 155.031, ""fraction"": 0.3, ""pips"": 40}, {""time"": ""2025-12-11T15:02:00+00:00"", ""price"": 155.103, ""fraction"": 0.39999999999999997, ""pips"": 32.800000000000296}]",62030.31210396658,124.1707499373125,4127.651026193778,62030.31210396658,2025,4251.821776131091,2025,4127.651026193778
usdjpy_short_h12-15_rr1.25_imb2.5_node3_ret5_sig1_sl30_tp20-40-60_frac0.3-0.3-0.3_trail15_ttl180,usdjpy,short,2025-12-22 13:44:00+00:00,2025-12-22 16:44:00+00:00,157.014,156.94,7.400000000001228,30.0,0.01,"[{""time"": ""2025-12-22T16:44:00+00:00"", ""price"": 156.94, ""fraction"": 1.0, ""pips"": 7.400000000001228}]",64546.15522826563,30.414698438596112,4251.821776131091,64546.15522826563,2025,4282.236474569687,2025,4251.821776131091
